note_id,type,cleaned_title,cleaned_desc,time,user_id_x,nickname_x,liked_count_x,collected_count,comment_count,share_count,ip_location_x,tag_list,source_keyword,combined_text,processed,label_h
678497970000000001000dab,normal,What does moot mean,刷了一上午那些洋抖来的refugee帖子家人们他们说的moot啥意思What does moot mean 有点不能精准体会到是对应的什么意思 纯好学没什么别的意思笑哭R笑哭R,2025/1/13 3:46,62c68eb1000000000303c26d,momo,1万+,1千+,1千+,1千+,浙江,"tiktok,tiktok_refugee",tiktokrefugee,What does moot mean。刷了一上午那些洋抖来的refugee帖子家人们他们说的moot啥意思What does moot mean 有点不能精准体会到是对应的什么意思 纯好学没什么别的意思笑哭R笑哭R,抖来 帖子 啥意思 精准 体会 好学,3.0
67853c93000000001a036b1f,normal,谁懂啊 今天 我好不容易终于从一堆tiktok refugee中把张艺兴刷回来了 笑哭R紫色心形R,谁懂啊 今天 我好不容易终于从一堆tiktok refugee中把张艺兴刷回来了 笑哭R紫色心形R,2025/1/14 0:00,55caa3585894461b0bba18fc,萌兰（还你自由版）,10+,7,10+,4,中国,"张艺兴,layzhang,yixing,lay",Tiktok refugee,谁懂啊 今天 我好不容易终于从一堆tiktok refugee中把张艺兴刷回来了 笑哭R紫色心形R。谁懂啊 今天 我好不容易终于从一堆tiktok refugee中把张艺兴刷回来了 笑哭R紫色心形R,张艺兴 回来 紫色 心形 张艺兴 回来 紫色 心形,2.0
6785688b000000000b0356e6,normal,听劝,Hallo ik wil Chinezen leren kennen 大家好我叫Aron来自比利时 我的中国朋友让我拿着这个拍照他说这样就可以交到中国的朋友,2025/1/13 20:26,6518d9b50000000023026600,比利时Aron,1万+,10+,1万+,1千+,中国,"比利时,tiktokban,tiktokrefugee",tiktokrefugee,听劝。Hallo ik wil Chinezen leren kennen 大家好我叫Aron来自比利时 我的中国朋友让我拿着这个拍照他说这样就可以交到中国的朋友,比利时 中国 朋友 让我拿 拍照 交到 中国 朋友,1.0
678546aa000000000800d7bd,video,忽悠tt refugee 不小心打开前置镜头,看到最后 哈哈哈打开界面怎么给我干哪儿来了 图个乐子就行hh ttrefugeetiktokrefugee 抽象洋抖,2025/1/13 17:40,602ecdf9000000000101d2f9,its_papa,3321,181,211,46,中国,"ttrefugee,tiktokrefugee,抽象,洋抖",Tiktok refugee,忽悠tt refugee 不小心打开前置镜头。看到最后 哈哈哈打开界面怎么给我干哪儿来了 图个乐子就行hh ttrefugeetiktokrefugee 抽象洋抖,小心 打开 前置 镜头 打开 界面 乐子 抽象,1.0
6785917b0000000017038ab4,normal,我爱你们 I love you all,我为我所有的新中国朋友制作了这张猫的照片你们都很有趣又善良我爱你们,2025/1/13 23:13,6785464a000000000801f236,ButchBite,1万+,10+,1千+,1千+,美国,"tiktokrefugee,tiktokrefugee2025,cat,friend",tiktokrefugee,我爱你们 I love you all。我为我所有的新中国朋友制作了这张猫的照片你们都很有趣又善良我爱你们,中国 朋友 制作 照片 有趣 善良,1.0
67857226000000000100b401,normal,To美国难民们,如何呢,2025/1/13 20:26,6107f1bf0000000001006218,冷冻乳鼠,1万+,1千+,1千+,1千+,美国,"冷圈瑟瑟瑟发抖,tiktok,tiktokrefugee,饭来,想让更多人看到",Tiktokrefugee,To美国难民们。如何呢,美国 难民,1.0
6785c879000000000b03a473,normal,TikTok的第一批受害者已经出现,刚入职TikTok运营没多久 TikTok要封禁了 问题是我们还主要做市场石化R 想做xhs很久了 一直干不过咱们姐妹们 现在来一大波tt百万博主 OMG运营真难,2025/1/14 0:00,617f5696000000000201b59c,吃一口好烫,1191,138,202,220,中国,"运营,tiktok,tiktok运营,上班,妆前妆后反差,化妆就要拍照,今天穿什么香",Tiktok,TikTok的第一批受害者已经出现。刚入职TikTok运营没多久 TikTok要封禁了 问题是我们还主要做市场石化R 想做xhs很久了 一直干不过咱们姐妹们 现在来一大波tt百万博主 OMG运营真难,受害者 入职 运营 封禁 市场 姐妹 一大 博主 运营,2.0
6785fd4f0000000018011acb,normal,Hi china 中国朋友你好,这是我的照片希望你过得愉快能够通过你自己的应用程序了解你的文化而不是仅仅通过我们所看到的内容真的很棒 This was translated so i hope its not terrible,2025/1/14 4:46,5d6b39c50000000001018473,烤鱼片儿,1万+,1千+,1万+,1万+,中国,"我心依然是中国心,tiktok,tiktokrefugee,OMO上海时髦精申请出战,ootdinshanghai",tiktokrefugee,Hi china 中国朋友你好。这是我的照片希望你过得愉快能够通过你自己的应用程序了解你的文化而不是仅仅通过我们所看到的内容真的很棒 This was translated so i hope its not terrible,中国 朋友 照片 希望 过得 愉快 应用程序 文化 内容 很棒,1.0
67860efb000000002002f275,normal,从批判社科的角度看tiktok refugees,刷到了一篇标题为从北美人类学的角度看洋抖难民的帖子现在看不到了感到非常被启发想分享一些从批判社科理论和反殖民角度的思考也想听听各位网友们的观察与想法 1 洋抖用户使用例如refugee和invading的词汇描述自己入驻小红书的现象值得思考refugee 本来是用来形容流离失所的人士带有被剥离基本权利的隐含意思难民这个词也附带苦难叙事的意义尽管面临洋抖被禁等困境但是许多新用户作为发达世界的公民仍享用许多其他social group不具有的文化与社会特权运用难民和战争的词汇难免有不适宜挪用的嫌疑 2 刷到许多探讨洋抖用户要多说中文的帖子对此我持认同态度语言本身就可以是一种霸权形式同时语言也是文化的载体作为英语母语者熟练掌握普及语言的人们是享有特权的当然使用什么语言上网冲浪是个人选择与自由但来到和简中互联网尝试与翻译阅读中文帖子pl区也是对已有网络社区尊重的体现 3 刷到一些洋抖用户们发的内容里面有用到innocent和pure这个词来形容友好的网友们本质上其实是因为简中互联网独特的文化和环境无法被翻译洋抖难民们并不了解非英语网络文化的多样性网友们贴心地使用英文交流非常照顾不熟悉中文的新用户不过这个词的用法让我想起反殖民思潮的一些反思殖民者对于原住民的形容即将被殖民者形容为更加高尚纯洁未被染污的但同时也是智识未开化的 4 更具有特权的social group本身就具有更加应该自我反思的责任新迁移来的洋抖难民在已有成熟互联网文化的空间也需要在冲浪的时候更加谨慎自己的姿态与交互方式不同文化与社会的碰撞必然会发生有趣的融合与相互渗透 也想听听各位网友们的观察与想法以上是一些延伸思考无意挑起对立作为社科学生也非常希望看到不同的人们打破偏见和桎梏沟通大家友好讨论交流,2025/1/14 0:00,585e97b05e87e7355f84251c,粒粒的人生有点瞌睡,1千+,10+,10+,10+,中国,"tiktok,tiktokrefugee,ttrefugee,洋抖,反向文化冲击,奇怪的文化输出,洋抖难民,东西方文化差异,沟通无国界",Tiktok refugee,从批判社科的角度看tiktok refugees。刷到了一篇标题为从北美人类学的角度看洋抖难民的帖子现在看不到了感到非常被启发想分享一些从批判社科理论和反殖民角度的思考也想听听各位网友们的观察与想法 1 洋抖用户使用例如refugee和invading的词汇描述自己入驻小红书的现象值得思考refugee 本来是用来形容流离失所的人士带有被剥离基本权利的隐含意思难民这个词也附带苦难叙事的意义尽管面临洋抖被禁等困境但是许多新用户作为发达世界的公民仍享用许多其他social group不具有的文化与社会特权运用难民和战争的词汇难免有不适宜挪用的嫌疑 2 刷到许多探讨洋抖用户要多说中文的帖子对此我持认同态度语言本身就可以是一种霸权形式同时语言也是文化的载体作为英语母语者熟练掌握普及语言的人们是享有特权的当然使用什么语言上网冲浪是个人选择与自由但来到和简中互联网尝试与翻译阅读中文帖子pl区也是对已有网络社区尊重的体现 3 刷到一些洋抖用户们发的内容里面有用到innocent和pure这个词来形容友好的网友们本质上其实是因为简中互联网独特的文化和环境无法被翻译洋抖难民们并不了解非英语网络文化的多样性网友们贴心地使用英文交流非常照顾不熟悉中文的新用户不过这个词的用法让我想起反殖民思潮的一些反思殖民者对于原住民的形容即将被殖民者形容为更加高尚纯洁未被染污的但同时也是智识未开化的 4 更具有特权的social group本身就具有更加应该自我反思的责任新迁移来的洋抖难民在已有成熟互联网文化的空间也需要在冲浪的时候更加谨慎自己的姿态与交互方式不同文化与社会的碰撞必然会发生有趣的融合与相互渗透 也想听听各位网友们的观察与想法以上是一些延伸思考无意挑起对立作为社科学生也非常希望看到不同的人们打破偏见和桎梏沟通大家友好讨论交流,批判 社科 角度看 刷到 标题 北美 人类学 角度看 难民 帖子 看不到 感到 启发 分享 批判 社科 理论 殖民 角度 思考 听听 网友 观察 想法 用户 词汇 描述 入驻 小红书 现象 值得 思考 形容 流离失所 人士 带有 剥离 基本权利 隐含 难民 附带 苦难 叙事 意义 面临 困境 用户 发达 世界 公民 享用 文化 社会 特权 难民 战争 词汇 适宜 挪用 嫌疑 刷到 探讨 用户 中文 帖子 认同 态度 语言 霸权 形式 语言 文化 载体 英语 母语 普及 语言 享有 特权 语言 上网冲浪 选择 自由 来到 简中 互联网 尝试 翻译 阅读 中文 帖子 已有 网络 社区 尊重 体现 刷到 用户 内容 有用 形容 友好 网友 本质 简中 互联网 独特 文化 环境 翻译 难民 英语 网络 文化 网友 贴心 英文 交流 照顾 熟悉 中文 用户 用法 想起 殖民 思潮 反思 殖民者 原住民 形容 殖民者 形容 高尚 纯洁 染污 智识 未开化 特权 反思 责任 迁移 难民 已有 成熟 互联网 文化 空间 冲浪 谨慎 姿态 文化 社会 碰撞 发生 有趣 融合 渗透 听听 网友 观察 想法 延伸 思考 无意 挑起 对立 社科 学生 希望 打破 偏见 桎梏 沟通 友好 讨论 交流,2.0
6785fd4f0000000018011acb,normal,Hi china 中国朋友你好,这是我的照片希望你过得愉快能够通过你自己的应用程序了解你的文化而不是仅仅通过我们所看到的内容真的很棒 This was translated so i hope its not terrible,2025/1/14 0:00,5d6b39c50000000001018473,烤鱼片儿,1万+,1千+,1万+,1万+,中国,"我心依然是中国心,tiktok,tiktokrefugee,OMO上海时髦精申请出战,ootdinshanghai",Tiktok,Hi china 中国朋友你好。这是我的照片希望你过得愉快能够通过你自己的应用程序了解你的文化而不是仅仅通过我们所看到的内容真的很棒 This was translated so i hope its not terrible,中国 朋友 照片 希望 过得 愉快 应用程序 文化 内容 很棒,1.0
6785adb50000000001001fd3,normal,快把今年的考研英语给外国人做,趁red note涌进来这么多TikTok refugee有没有考研博主快把今年的奇葩英语一拿出来给美国人做 我倒要看看这种逻辑不清似是而非的阅读到底是我们英语不行还是压根就是问题不对,2025/1/14 0:00,5d52e2f50000000016026bea,非洲富二代,10+,10+,10+,10+,美国,"TikTok,tiktok,考研,考研英语,外国人,交流",Tiktok refugee,快把今年的考研英语给外国人做。趁red note涌进来这么多TikTok refugee有没有考研博主快把今年的奇葩英语一拿出来给美国人做 我倒要看看这种逻辑不清似是而非的阅读到底是我们英语不行还是压根就是问题不对,考研 英语 外国人 涌进来 有没有 考研 博主 奇葩 英语 美国 逻辑 阅读 英语 不行 压根,1.0
67864430000000001a01c999,normal,美国人还我二次元主页,来点二次元的美国人给我看看害羞R,2025/1/14 10:20,5aa22ae011be106170495feb,lulaluna,1千+,10+,10+,10+,中国,"tiktok,tiktokrefugee,二次元,中国人",tiktokrefugee,美国人还我二次元主页。来点二次元的美国人给我看看害羞R,美国 主页 美国 害羞,1.0
678650d2000000002002b8a3,normal,那以后kpop爱豆不得来小红书cha啊,突然就觉得好像kpop必须闯中了姐妹们支棱起来所有爱豆都给我学中文生气R,2025/1/14 13:06,63edcf67000000001400d173,June's Studio,1万+,10+,1千+,1千+,其他,"tiktokrefugee,kpop,tiktok难民,tiktok,爱豆,不要再搞抽象了好吗,一起来讨论,奇怪的文化输出,本来不打算玩梗了,我担秒了一切",tiktokrefugee,那以后kpop爱豆不得来小红书cha啊。突然就觉得好像kpop必须闯中了姐妹们支棱起来所有爱豆都给我学中文生气R,爱豆 好像 闯中 姐妹 支棱 爱豆 中文 生气,1.0
6786593f000000000203fcb0,normal,我不是tiktokrefugee 是你们的汉服同袍,好像很多外国人突然来小红书玩儿因为新年快要到了所以我希望他们可以学中文中国文化怎么穿汉服 萌萌哒R 哈哈 新年快要到了烟花R 我准备了很多新年汉服looks很高兴下个星期跟大家分享一下我属蛇 你们看到蛇式汉服吗 斜眼R New friends do you want to learn about Hanfu 偷笑R,2025/1/14 13:06,609f44c0000000000100b48a,Eileen王瑷琳同学,1万+,10+,1千+,10+,中国,"tiktokrefugee,汉服,全球同袍团圆计划,新年汉服,汉服日常,国风,在国外穿汉服,外国人穿汉服",tiktokrefugee,我不是tiktokrefugee 是你们的汉服同袍。好像很多外国人突然来小红书玩儿因为新年快要到了所以我希望他们可以学中文中国文化怎么穿汉服 萌萌哒R 哈哈 新年快要到了烟花R 我准备了很多新年汉服looks很高兴下个星期跟大家分享一下我属蛇 你们看到蛇式汉服吗 斜眼R New friends do you want to learn about Hanfu 偷笑R,汉服 同袍 好像 外国人 红书 玩儿 希望 中文 中国 文化 汉服 烟花 汉服 分享 蛇式 汉服 斜眼 偷笑,1.0
6786466e000000000100a933,normal,是时候坚持全地球都是一个中国的原则了,这我两天刷到的第一个国内帅哥一打开底下笑鼠我了绿卡要得伐doge以及姐妹们我开始刷到外国小帅了啊啊啊啊啊腹肌嘎嘎硬啊还有超级萌的小宝宝天心化了就咱们自家姐妹发的迪奥图我真是要笑鼠捂脸R 正所谓凡日月所照江河所至皆为汉土是时候实现地球人民大一统了萌萌哒R最后想说我们征途是星辰大海,2025/1/14 10:20,5dedd8a20000000001001347,瓦蓝的夏??,1千+,10+,10+,1千+,中国,"世界很美好,tiktok,tiktokrefugee,american,meme",tiktokrefugee,是时候坚持全地球都是一个中国的原则了。这我两天刷到的第一个国内帅哥一打开底下笑鼠我了绿卡要得伐doge以及姐妹们我开始刷到外国小帅了啊啊啊啊啊腹肌嘎嘎硬啊还有超级萌的小宝宝天心化了就咱们自家姐妹发的迪奥图我真是要笑鼠捂脸R 正所谓凡日月所照江河所至皆为汉土是时候实现地球人民大一统了萌萌哒R最后想说我们征途是星辰大海,地球 中国 原则 刷到 帅哥 打开 笑鼠 绿卡 姐妹 刷到 外国 小帅 啊啊啊 腹肌 小宝宝 天心 姐妹 迪奥 所照 江河 汉土 地球 人民 了萌萌 征途 星辰 大海,1.0
67866555000000001703dd1f,video,Tiktok refugees unite,好了都给我来学中文别跑了哇R tiktok tiktok难民 洋抖 文化输出 tiktokrefugee,2025/1/14 13:06,63872ab9000000001f01ef8f,扭扭就泡泡,3395,266,336,253,其他,"tiktok,tiktok难民,洋抖,文化输出,tiktokrefugee",Tiktok refugee,Tiktok refugees unite。好了都给我来学中文别跑了哇R tiktok tiktok难民 洋抖 文化输出 tiktokrefugee,中文 别跑 难民 文化 输出,1.0
67865d5c000000001800e865,normal,外国人评论区亮点太多笑到不能停,外国人评论区笑点太多笑哭了真走不出评论区地球村此刻正在链接,2025/1/14 13:06,5856963f6a6a690f93da50c1,寻皿猎集所,1万+,1万+,1万+,1万+,中国,"tiktok,美国人在小红书,TikTok,中国网友都是人才,美国人来小红书,美国人入侵小红书,搞笑,地球村,tiktokrefugee,小红书翻译",tiktokrefugee,外国人评论区亮点太多笑到不能停。外国人评论区笑点太多笑哭了真走不出评论区地球村此刻正在链接,外国人 评论 亮点 外国人 评论 不出 评论 地球村 链接,1.0
6786497e000000002001594c,normal,I hope my art is okay,我很抱歉有任何拼写错误我使用了翻译 哭惹R,2025/1/14 10:20,67857d0a0000000008019d78,splatcube,1万+,1千+,1千+,10+,法国,"tiktokrefugee,art,艺术",tiktokrefugee,I hope my art is okay。我很抱歉有任何拼写错误我使用了翻译 哭惹R,抱歉 拼写错误 翻译,1.0
67868503000000001800f7e3,normal,TikTok refugee来自泰国曼谷,你好中国网友我是在中国生活的泰国人 我喜欢中文非常请多和我聊天 红色地瓜非常好软件 爱来自泰兰德感谢你们跟随,2025/1/14 0:00,5ccb7ab30000000012009113,橘子熊,266,11,52,11,其他,"tiktokrefugee,tiktok,外国人,高卿尘",Tiktok refugee,TikTok refugee来自泰国曼谷。你好中国网友我是在中国生活的泰国人 我喜欢中文非常请多和我聊天 红色地瓜非常好软件 爱来自泰兰德感谢你们跟随,泰国 曼谷 中国 网友 中国 生活 泰国人 喜欢 中文 聊天 红色 地瓜 软件 兰德 感谢 跟随,1.0
67868cf7000000000900ea9f,normal,中国拉子或将成为这场迁移的最大受益者,不用翻就能刷到好多外国拉子帅的美的可爱的各式各样的刷半小时爱上了几百个女人,2025/1/14 15:53,5ea51eea0000000001004c68,橘味土拨鼠,1万+,1千+,1千+,1千+,中国,"wlw,tiktok,tiktokrefugee,le,小红书",tiktokrefugee,中国拉子或将成为这场迁移的最大受益者。不用翻就能刷到好多外国拉子帅的美的可爱的各式各样的刷半小时爱上了几百个女人,中国 拉子 迁移 受益者 不用 刷到 外国 拉子帅 美的 可爱 女人,1.0
67865084000000002002b78c,normal,To TikTok refugees,How is my jaw line 上上强度和这帮老外比比下颚线doge,2025/1/14 0:00,64547561000000000f004d38,Chris,1千+,10+,10+,10+,美国,tiktok,Tiktok refugee,To TikTok refugees。How is my jaw line 上上强度和这帮老外比比下颚线doge,强度 老外 比比 下颚,2.0
67852c5d000000000203d27b,normal,一开始觉得挺有趣的但是,今天突然刷到了很多英文帖子看得我云里雾里查了一下才知道发生了啥一开始还觉得挺好玩的点进去看看老美们都在想些啥看着看着发现两个问题一美国人好像都不怎么有趣不如咱们中国人民天生抽象圣体个个都有梗他们的主页点进去都是各种莫名其妙的怼脸自拍和一本正经的自我介绍捂脸R 然后更重要的是小红书本质上是一个中文社区啊大家聚在一起分享见闻分享好笑的分享观点这是属于中文互联网的一个文化圈和外国人根本玩不到一块去啊石化R更何况还要面对满屏幕的英文心累也不知道后面会发展成啥样叹气R,2025/1/13 14:53,5c1c8fbe000000000701e64f,啤酒铃兰,1万+,1千+,1万+,1千+,美国,"tiktok,tiktokrefugee",tiktokrefugee,一开始觉得挺有趣的但是。今天突然刷到了很多英文帖子看得我云里雾里查了一下才知道发生了啥一开始还觉得挺好玩的点进去看看老美们都在想些啥看着看着发现两个问题一美国人好像都不怎么有趣不如咱们中国人民天生抽象圣体个个都有梗他们的主页点进去都是各种莫名其妙的怼脸自拍和一本正经的自我介绍捂脸R 然后更重要的是小红书本质上是一个中文社区啊大家聚在一起分享见闻分享好笑的分享观点这是属于中文互联网的一个文化圈和外国人根本玩不到一块去啊石化R更何况还要面对满屏幕的英文心累也不知道后面会发展成啥样叹气R,有趣 刷到 英文 帖子 看得 云里雾里 发生 挺好玩 看着 看着 发现 美国 好像 有趣 中国 人民 天生 抽象 圣体 主页 自拍 自我介绍 红书 本质 中文 社区 分享 见闻 分享 好笑 分享 观点 中文 互联网 文化圈 外国人 不到 面对 屏幕 英文 心累 发展 叹气,2.0
678681ec000000002002e5b6,normal,从语言学角度聊一下这次refugee潮,在中文平台应该用英语适应外语用户吗是一种失权吗 看到已经有人在呼吁让Tiktok refugees自己使用翻译器所以想从语言学视角浅聊一下这个尖锐但蛮有意思的 想说的都在图里,2025/1/14 0:00,5f7ca8cc00000000010020b0,波特码头,10+,10+,10+,7,其他,"会思考的扫拖机器人,Tiktok,tiktokrefugee,出海,语言学,社会语言学,英语,干货,来自星星的艺术家",Tiktok refugee,从语言学角度聊一下这次refugee潮。在中文平台应该用英语适应外语用户吗是一种失权吗 看到已经有人在呼吁让Tiktok refugees自己使用翻译器所以想从语言学视角浅聊一下这个尖锐但蛮有意思的 想说的都在图里,语言学 角度 中文平台 英语 外语 用户 失权 呼吁 语言学 视角 尖锐 想说 图里,2.0
6786a329000000002002f63a,normal,警惕OF博主趁乱占领小红书,欢迎在评论区曝光,2025/1/14 18:40,62a402140000000019029369,课代表立正,1千+,10+,1千+,1千+,其他,tiktokrefugee,tiktokrefugee,警惕OF博主趁乱占领小红书。欢迎在评论区曝光,警惕 博主 占领 小红书 评论 曝光,2.0
678690f30000000020021f20,normal,大家好我是来自中国的中国人,小红书的朋友们大家好我是喜欢中国的中国人 我很高兴因为这个软件我可以和大家聊天 我在美国住了0年我喜欢中国文化所以自己学习了中文中文真的真的非常困难对我 但是我已经不需要翻译器希望大家多多聊天和我 很高兴认识你们 爱来自瓷器请大家多多关心吧,2025/1/14 15:53,6405a2f800000000140135f6,两幻身,1千+,10+,10+,10+,中国,"tiktokban,tiktokrefugee,tiktok,rednote,纯玩梗无白人崇拜",tiktokrefugee,大家好我是来自中国的中国人。小红书的朋友们大家好我是喜欢中国的中国人 我很高兴因为这个软件我可以和大家聊天 我在美国住了0年我喜欢中国文化所以自己学习了中文中文真的真的非常困难对我 但是我已经不需要翻译器希望大家多多聊天和我 很高兴认识你们 爱来自瓷器请大家多多关心吧,中国 中国 红书 朋友 喜欢 中国 中国 软件 聊天 美国 喜欢 中国 文化 学习 中文 中文 困难 希望 聊天 瓷器 关心,1.0
6786b7fb000000002001eee6,normal,希望这里只有sis没有bro,平时常用xhs就是因为前几年的数据显示90为女性用户大部分都是女性用户并且是一个相对友好的社交平台有很多女性知识可以在这里讨论包括去年的卫生巾问题也是在这里曝光的是属于中女的问题研究所如果太多tiktok refugees 开始讲bro或者dude我会很困扰 那样我会变成xhs refugee的皱眉R除了cat tax能不能加一条大家都是姐妹的规则呀 补充内容 Calling each other dude or bro is illegal on this app We only call each other sis here Doesnt matter what your biological gender is if youre here youre a sis,2025/1/14 18:40,5f80f8dc00000000010037fe,meitingduox2,1万+,10+,10+,10+,其他,"ttrefugee,tiktokrefugee,cattax",tiktokrefugee,希望这里只有sis没有bro。平时常用xhs就是因为前几年的数据显示90为女性用户大部分都是女性用户并且是一个相对友好的社交平台有很多女性知识可以在这里讨论包括去年的卫生巾问题也是在这里曝光的是属于中女的问题研究所如果太多tiktok refugees 开始讲bro或者dude我会很困扰 那样我会变成xhs refugee的皱眉R除了cat tax能不能加一条大家都是姐妹的规则呀 补充内容 Calling each other dude or bro is illegal on this app We only call each other sis here Doesnt matter what your biological gender is if youre here youre a sis,希望 数据 显示 女性 用户 女性 用户 友好 社交 平台 女性 知识 讨论 包括 卫生巾 曝光 中女 研究所 我会 困扰 我会 皱眉 姐妹 规则 补充 内容,2.0
6787106f000000001901e964,normal,给TikTok难民们的精准字典,Hope this helps What should i do next 给咱红薯土著的字典也在做了 大家有啥想了解的英文缩写和梗吗 pdd中国原版Temu没有红薯土著的邀请不可以下载可代替猫税狗税人税 xswl同lmao ee姨姨配合麻袋使用更佳 woc这个拼写和英文中做语气词的damn意思相当 擦边可以复制来搜索doge,2025/1/15 0:00,65867d2a000000001c03c743,威力Willie(?ì _ í?),229,72,23,24,中国,"TikTokrefugee,tiktokrefugee2025,xswl,猫税",Tiktok refugee,给TikTok难民们的精准字典。Hope this helps What should i do next 给咱红薯土著的字典也在做了 大家有啥想了解的英文缩写和梗吗 pdd中国原版Temu没有红薯土著的邀请不可以下载可代替猫税狗税人税 xswl同lmao ee姨姨配合麻袋使用更佳 woc这个拼写和英文中做语气词的damn意思相当 擦边可以复制来搜索doge,难民 精准 字典 红薯 土著 字典 英文 缩写 中国 原版 红薯 土著 邀请 下载 同姨姨 配合 麻袋 更佳 拼写 英文 语气词 擦边 复制 搜索,1.0
6786f2fe000000001901e71f,normal,问我什么都行,您好 您知道非裔美国妇女是美国受教育程度最高的人群吗 我们往往拥有多个大学学位,2025/1/15 0:13,67841f03000000000803ca4a,theyounggoddess,1万+,1千+,1千+,10+,美国,"tiktok,tiktokrefugee",tiktokrefugee,问我什么都行。您好 您知道非裔美国妇女是美国受教育程度最高的人群吗 我们往往拥有多个大学学位,都行 非裔 美国 妇女 美国 教育 程度 人群 拥有 大学 学位,1.0
6786b0c7000000001703a9d9,normal,大家拿着各自的意林 对了一晚上账 吃啥医保 甚至是每天宣读国家誓词p2 大对账 没有中间商赚差价,大家拿着各自的意林 对了一晚上账 吃啥医保 甚至是每天宣读国家誓词p2 大对账 没有中间商赚差价,2025/1/14 18:40,55df0ef0f5a2634f455e1037,白展堂顿首,1万+,1千+,1千+,1万+,中国,"对账,tiktokrefugee,tiktok",tiktokrefugee,大家拿着各自的意林 对了一晚上账 吃啥医保 甚至是每天宣读国家誓词p2 大对账 没有中间商赚差价。大家拿着各自的意林 对了一晚上账 吃啥医保 甚至是每天宣读国家誓词p2 大对账 没有中间商赚差价,意林 宣读 国家 誓词 对账 中间商 差价 意林 宣读 国家 誓词 对账 中间商 差价,1.0
678728fd000000001602061d,normal,Hello China,我们是来自韩国的一对同性恋者情侣你们可以叫我的丈夫Ivan@Aran 可以称呼我Till现在我不使用翻译器我的中文很好因为我在中国长大虽然现在在美国但是我现在很想回中国喝奶茶吃火锅我的丈夫中文也很好因为他一直呆在中国他可以天天喝奶茶吃火锅yes我们是中国人我们爱中国我们也爱中国文化我们还爱中国食物hehe_,2025/1/15 3:00,5bd495d8a21fff000198b838,昼极,1万+,1千+,10+,1千+,美国,"tiktokrefugee,ivti,ivantill,ALNST,alienstage,异形舞台till,异形舞台ivan,fyp",tiktokrefugee,Hello China。我们是来自韩国的一对同性恋者情侣你们可以叫我的丈夫Ivan@Aran 可以称呼我Till现在我不使用翻译器我的中文很好因为我在中国长大虽然现在在美国但是我现在很想回中国喝奶茶吃火锅我的丈夫中文也很好因为他一直呆在中国他可以天天喝奶茶吃火锅yes我们是中国人我们爱中国我们也爱中国文化我们还爱中国食物hehe_,韩国 同性恋者 情侣 丈夫 称呼 中文 中国 长大 美国 中国 奶茶 丈夫 中文 中国 奶茶 中国 中国 中国 文化 中国 食物,1.0
6786e73b000000001b00a1a8,normal,looking for friends to practice chinese,中国网友 要是你想练习英文请加我好友我们可以一起练习你练习英文我练习中文皱眉R,2025/1/14 21:26,65e0b93f000000000500f96b,yabloko 悠然,327,105,1215,22,其他,"和外国人交流,foreign_friend,外国人", Looking for chat friends,looking for friends to practice chinese。中国网友 要是你想练习英文请加我好友我们可以一起练习你练习英文我练习中文皱眉R,中国 网友 英文 请加 好友 英文 中文 皱眉,
678737b8000000001803012e,normal,小红书现状,还有一些很搞笑的对话哈哈哈哈哈哈,2025/1/15 3:00,660e7210000000000d02640f,低帮袜想赶路,1千+,1千+,10+,1千+,中国,"tiktokrefugee,抖音,小红书,外国眼中的中国,精神状态挺好的,不被限制的想象力",tiktokrefugee,小红书现状。还有一些很搞笑的对话哈哈哈哈哈哈,小红书 现状 搞笑 对话,
678737c80000000016022682,normal,全球720w人围观的幸福瞬间,在@Brecken Neumann 下的评论得到了超级多地球村村民的喜欢和祝福皱眉R皱眉R荣幸至极 本是随意抓拍的幸福瞬间谢谢大家赋予了它更多的意义拥抱R拥抱R 善良与爱是人类最伟大的语言We are born for love and peace,2025/1/15 3:00,5890293350c4b41fe5025bb2,啊啊啊啊tiu,1.1万,826,717,440,中国,"总有些时刻灵魂被治愈,这世界很美的吧,幸福在细碎瞬间里,用小红书记录点滴生活,tiktokrefugee,世界和平,地球村",Tiktokrefugee,全球720w人围观的幸福瞬间。在@Brecken Neumann 下的评论得到了超级多地球村村民的喜欢和祝福皱眉R皱眉R荣幸至极 本是随意抓拍的幸福瞬间谢谢大家赋予了它更多的意义拥抱R拥抱R 善良与爱是人类最伟大的语言We are born for love and peace,全球 围观 幸福 评论 地球村 村民 喜欢 祝福 皱眉 皱眉 荣幸 至极 抓拍 幸福 谢谢 赋予 意义 拥抱 拥抱 善良 人类 语言,
678745f4000000001b0098ec,normal,中国朋友你们好这是我的大卡车税很抱歉我的英文不是很好希望翻译器是正确的,中国朋友你们好这是我的大卡车税很抱歉我的英文不是很好希望翻译器是正确的,2025/1/15 5:46,5d97506300000000010096e7,我不是小陈,1万+,10+,1千+,1千+,中国,"tiktokrefugee,猫税,cattax",tiktokrefugee,中国朋友你们好这是我的大卡车税很抱歉我的英文不是很好希望翻译器是正确的。中国朋友你们好这是我的大卡车税很抱歉我的英文不是很好希望翻译器是正确的,中国 朋友 大卡车 抱歉 英文 希望 正确 中国 朋友 大卡车 抱歉 英文 希望 正确,
678681b1000000000100bd00,video,对于TikTok Refugee我有些不一样的看法,fyp tiktokrefugee tiktokrefugee2025 美国 脑子 想法 文化霸权 中美文化爱来自瓷器,2025/1/14 15:53,59815a8650c4b47975089634,一只树叶,1千+,10+,1千+,10+,中国,"fyp,tiktokrefugee,tiktokrefugee2025,美国,脑子,想法,文化霸权,中美文化,爱来自瓷器",tiktokrefugee,对于TikTok Refugee我有些不一样的看法。fyp tiktokrefugee tiktokrefugee2025 美国 脑子 想法 文化霸权 中美文化爱来自瓷器,看法 美国 脑子 想法 文化 霸权 文化 瓷器,
67875d38000000001b008b65,normal,Hi China中国朋友你好,这是我的照片希望你过得愉快能通过你自己的应用程序了解你的文化而不是仅仅通过我所看到的内容真的很棒 This was translatedso i hope its not terrible,2025/1/15 5:46,5ff04f210000000001001187,弗尔利,9952,283,1445,1018,中国,"我心依然是中国心,tiktok,tiktokrefugee,弗尔利",Tiktokrefugee,Hi China中国朋友你好。这是我的照片希望你过得愉快能通过你自己的应用程序了解你的文化而不是仅仅通过我所看到的内容真的很棒 This was translatedso i hope its not terrible,中国 朋友 照片 希望 过得 愉快 应用程序 文化 内容 很棒,
67874477000000001602a273,video,Wish you have a cat希望老外你有猫,猫是联通世界的桥梁 猫没人不喜欢猫 猫外交大使 猫我爱猫 Show me your cat 世界就是绕着猫打转 不同国家不同文化 国内外差异 tiktokrefugee tiktokrefugee 非常抽象一女的 老外 老内 精神状态挺好的 猫税,2025/1/15 5:46,566e58fd589de3283f7889d2,甘达本达,1万+,1千+,1万+,1千+,北京,"世界就是绕着猫打转,不同国家不同文化,国内外差异,tiktokrefugee,tiktokrefugee??,非常抽象一女的,老外,老内,精神状态挺好的,猫税",tiktokrefugee,Wish you have a cat希望老外你有猫。猫是联通世界的桥梁 猫没人不喜欢猫 猫外交大使 猫我爱猫 Show me your cat 世界就是绕着猫打转 不同国家不同文化 国内外差异 tiktokrefugee tiktokrefugee 非常抽象一女的 老外 老内 精神状态挺好的 猫税,希望 老外 猫猫 联通 世界 桥梁 喜欢 猫猫 外交 大使 世界 打转 国家 文化 差异 抽象 一女 老外 精神状态 猫税,
6787643d0000000021001e2f,normal,TT refugee 带来了新传学术狂喜,Omg 妥妥的新传研究素材 感觉从媒介环境学理论议程设置理论使用与满足理论把关人理论文化适应理论数字游牧理论网络巴尔干化理论情感传播理论媒介依赖理论等理论角度来讲也会很好讲哇 图片列出来了一些可参考的角度想法,2025/1/15 0:00,614a930b0000000002021d20,陆荨(?ì _ í?),10+,10+,10+,10+,其他,"论文,TTrefugee,TT难民,tiktok",Tiktok refugee,TT refugee 带来了新传学术狂喜。Omg 妥妥的新传研究素材 感觉从媒介环境学理论议程设置理论使用与满足理论把关人理论文化适应理论数字游牧理论网络巴尔干化理论情感传播理论媒介依赖理论等理论角度来讲也会很好讲哇 图片列出来了一些可参考的角度想法,带来 新传 学术 狂喜 妥妥 新传 研究 素材 感觉 媒介 环境 理论 议程 设置 理论 理论 把关 理论 文化 理论 数字 游牧 理论 网络 巴尔干 理论 情感 传播 理论 媒介 依赖 理论 理论 角度 图片 列出来 参考 角度 想法,
67876fdd0000000021001bb9,normal,Hai Tiktok refugee,你好我愿意学习中文欢迎我来这里 doge,2025/1/15 0:00,6786658e000000000801b808,Alibee,2161,127,1220,17,美国,"hello,摩托车,摩托女孩",Tiktok refugee,Hai Tiktok refugee。你好我愿意学习中文欢迎我来这里 doge,学习 中文,
67852886000000002001f119,normal,TikTok Refugee狂欢的背后,这可能是历史性的一刻在大家玩梗的背后感觉有很多事一瞬间改变了 很难确定zf会不会同意维持这样的生态是否会考虑上线另一款app美国zf会不会对采取类似的措施要求在美国部署服务器 我们两个国家的普通人们其实之前从未有过任何接触即使小红书上的留子再多也有大批的同胞没有和美国人交流过我们可能之前都是在抖音上看的营销号转发洋抖的搞笑视频 同样的这可能是来小红书的美国人第一次遇到这么大规模的用户的评论还都来自1250岁的中国人 在这个瞬间可能有人发现了商业机会可能有人会遇到了同好甚至也可能有人在一年后突然发帖说和在小红书上认识的美国人结婚了 今晚肯定有许多公司管理者和政策制定者彻夜不眠这会带来什么改变什么是否需要控制等等等等复杂的问题正在发生 这些难题就留给大佬们吧祝愿大家能在这次短暂的时空交错中真正地去深入交流观点,2025/1/13 14:53,5fe08308000000000101f979,小红薯5FE0CAF5,1万+,1千+,1千+,1千+,上海,"深度思考,tiktokrefugee,tiktok,改变,跨文化",tiktokrefugee,TikTok Refugee狂欢的背后。这可能是历史性的一刻在大家玩梗的背后感觉有很多事一瞬间改变了 很难确定zf会不会同意维持这样的生态是否会考虑上线另一款app美国zf会不会对采取类似的措施要求在美国部署服务器 我们两个国家的普通人们其实之前从未有过任何接触即使小红书上的留子再多也有大批的同胞没有和美国人交流过我们可能之前都是在抖音上看的营销号转发洋抖的搞笑视频 同样的这可能是来小红书的美国人第一次遇到这么大规模的用户的评论还都来自1250岁的中国人 在这个瞬间可能有人发现了商业机会可能有人会遇到了同好甚至也可能有人在一年后突然发帖说和在小红书上认识的美国人结婚了 今晚肯定有许多公司管理者和政策制定者彻夜不眠这会带来什么改变什么是否需要控制等等等等复杂的问题正在发生 这些难题就留给大佬们吧祝愿大家能在这次短暂的时空交错中真正地去深入交流观点,狂欢 历史性 玩梗 感觉 改变 生态 上线 美国会 类似 措施 美国 部署 服务器 国家 接触 小红 留子 同胞 美国 交流 营销 转发 洋抖 搞笑 视频 红书 美国 用户 评论 中国 发现 商业机会 发帖 小红 美国 结婚 肯定 公司 管理者 政策 制定者 带来 改变 控制 发生 难题 留给 大佬 祝愿 短暂 时空 交错 交流 观点,
6787230700000000160203b7,video,hi nànmíns time to learn zhōngwén,我真的一下飞机就看到了大量难民入住咱们小红书我都惊了哈哈哈哈哈 但感觉很好玩我现在就在这看热闹 看得老开心萌萌哒R welcome nanmins hope youre having a good time let me know if you have any questions tiktokrefugee 每秒都值得记录 中文 大大方方做自己 tiktok refugee tiktok难民 文化输出,2025/1/15 3:00,5b037a6b4eacab4fb6644c07,星悦小美女PKU,1万+,1千+,1万+,1千+,北京,"tiktokrefugee,每秒都值得记录,中文,大大方方做自己,tiktok,refugee,tiktok难民,文化输出",tiktokrefugee,hi nànmíns time to learn zhōngwén。我真的一下飞机就看到了大量难民入住咱们小红书我都惊了哈哈哈哈哈 但感觉很好玩我现在就在这看热闹 看得老开心萌萌哒R welcome nanmins hope youre having a good time let me know if you have any questions tiktokrefugee 每秒都值得记录 中文 大大方方做自己 tiktok refugee tiktok难民 文化输出,飞机 难民 入住 小红书 感觉 好玩 看热闹 开心 值得 记录 中文 大大方方 难民 文化 输出,
6778e3bd00000000130013c3,normal,剑桥长期约coffee chat,之前一整年都在埋头肝文章非常自闭希望能在新的一年多些社交多认识些新朋友也多些不同idea的碰撞换换脑子走出信息茧房 关于我剑桥大学三一学院高能理论物理PhD在读主攻方向黑洞热力学和量子引力 希望可以和各领域特别是学术圈AI金融startup的朋友们深入交流互相学习我可以带你们来剑桥数学系 andor 三一学院点一杯咖啡边走边聊,2025/1/4 8:40,60f93553000000000101effb,剑桥物理猫??,290,85,84,14,中国,"PhD,coffeechat,剑桥大学", Looking for chat friends,剑桥长期约coffee chat。之前一整年都在埋头肝文章非常自闭希望能在新的一年多些社交多认识些新朋友也多些不同idea的碰撞换换脑子走出信息茧房 关于我剑桥大学三一学院高能理论物理PhD在读主攻方向黑洞热力学和量子引力 希望可以和各领域特别是学术圈AI金融startup的朋友们深入交流互相学习我可以带你们来剑桥数学系 andor 三一学院点一杯咖啡边走边聊,剑桥 埋头 文章 自闭 希望 社交 朋友 碰撞 换换 脑子 走出 信息 茧房 剑桥大学 三一学院 高能 理论物理 在读 主攻 方向 黑洞 热力学 量子 引力 希望 领域 学术 金融 朋友 交流 互相学习 剑桥 数学系 三一学院 咖啡,
678776470000000016018c34,normal,我不是个tiktok refugee但还是给你我的data,谢谢大家欢迎我但是我不是个tiktok refugee我一年多之前就来这里练习中文了哈哈我还是可以给你我的datadoge,2025/1/15 0:00,64353c14000000000d01b87d,英国幽灵Kyle,10+,10+,10+,3,其他,"tiktokrefugee,外国人",Tiktok refugee,我不是个tiktok refugee但还是给你我的data。谢谢大家欢迎我但是我不是个tiktok refugee我一年多之前就来这里练习中文了哈哈我还是可以给你我的datadoge,谢谢 中文,
678775f9000000001602ddb8,normal,Hi China中国朋友你好,这是我的照片希望你过得愉快能够通过你自己的应用程序了解你的文化而不是仅仅通过我们所看到的内容真的很棒 This was translated so i hope its not terrible,2025/1/15 8:33,5b75c7685b953400012612d5,HGXIN-,9115,471,446,349,中国,"我心依然是中国心,tiktok,tiktokrefugee",Tiktok refugee,Hi China中国朋友你好。这是我的照片希望你过得愉快能够通过你自己的应用程序了解你的文化而不是仅仅通过我们所看到的内容真的很棒 This was translated so i hope its not terrible,中国 朋友 照片 希望 过得 愉快 应用程序 文化 内容 很棒,
6785e389000000000b00fce0,normal,到底是谁骗他们来这要交猫税的,干得漂亮 现在我这满屏都是可爱的小猫 隔着屏幕吸一上午了暗中观察R 带上我家的小狗害羞R,2025/1/14 4:46,5e0db2c40000000001003f22,????柯基元宝&乌苏,1万+,1千+,1千+,1千+,其他,"猫税,tiktokrefugee,tiktokrefugee看小红书",tiktokrefugee,到底是谁骗他们来这要交猫税的。干得漂亮 现在我这满屏都是可爱的小猫 隔着屏幕吸一上午了暗中观察R 带上我家的小狗害羞R,交猫 干得 漂亮 满屏 可爱 小猫 屏幕 观察 带上 小狗 害羞,
678787910000000016030731,normal,TikTok refugee,为什么我认识的每个第二博主现在都在这里,2025/1/15 11:20,6561931b0000000002028f41,Edvard,3863,225,807,177,美国,,Tiktok refugee,TikTok refugee。为什么我认识的每个第二博主现在都在这里,博主,
67877a630000000016030bd3,video,一夜之间 被几百w tiktok refugees 看过,谢谢你们的评论 _ 只是分享健身日常和穿搭 另外Raw 是什么意思 健身穿搭 tiktok tiktokrefugee,2025/1/15 0:00,5b614240f99bc30001beb4d0,xx。,2.5万,1295,1864,747,中国,"健身穿搭,tiktok,tiktokrefugee",Tiktok refugee,一夜之间 被几百w tiktok refugees 看过。谢谢你们的评论 _ 只是分享健身日常和穿搭 另外Raw 是什么意思 健身穿搭 tiktok tiktokrefugee,看过 谢谢你们 评论 分享 健身 健身,
678704aa000000001900660e,normal,笑死在小红书,大家和tiktok难民的互动真的差点笑死在xhs出不去,2025/1/15 0:00,5b55ef9411be1078cda1d63e,无趣的养乐多,10+,10+,10+,10+,中国,"tiktok,tiktok美区ip,tiktokrefugee",Tiktok refugee,笑死在小红书。大家和tiktok难民的互动真的差点笑死在xhs出不去,难民 差点 出不去,
6787768a000000001901c707,normal,个人觉得最贴合Tiktok refugee新传论文选题,Tiktok Refugee学术冷思考 总的来看这一现象的社科学术思考可以从以下角度展开跨文化交流身份认同地缘政治市场营销公共外交平台算法等等 我从新传的角度提供一些冷思考 1首先我建议不要盲目去从理论视角对现象作出解读而是先将事件前因后果梳理清楚深入到网络田野中做一些预调查真正摸透这个事件中有价值的事实细节核心问题 2现象无疑是一个热点而且我不觉得像一些评论所说它是昙花一现就不值得深入研究了我认为即使如此也拥有很强的研究价值我自己认为比较触及核心价值的题的如下同样只是一些方向 从政治经济学角度去思考这个平台迁徙背后的技术政治经济的交织以及创作者的劳动生产问题 如果只是昙花一现那么甚至可以专注研究起号这一现象用已有的文本等材料切入去探讨博主的自我呈现和对中国平台文化的他者想象 其他方向我觉得也可以做吧但是总感觉起码在新传领域稍微偏了点或者不足以支撑一篇完整文章的学术创新性,2025/1/15 0:00,5f41106a0000000001007f19,新传学术新手村,10+,10+,3,10+,中国,"新传,新闻与传播,论文,传播学,tiktok,tiktok_refugee",Tiktok refugee,个人觉得最贴合Tiktok refugee新传论文选题。Tiktok Refugee学术冷思考 总的来看这一现象的社科学术思考可以从以下角度展开跨文化交流身份认同地缘政治市场营销公共外交平台算法等等 我从新传的角度提供一些冷思考 1首先我建议不要盲目去从理论视角对现象作出解读而是先将事件前因后果梳理清楚深入到网络田野中做一些预调查真正摸透这个事件中有价值的事实细节核心问题 2现象无疑是一个热点而且我不觉得像一些评论所说它是昙花一现就不值得深入研究了我认为即使如此也拥有很强的研究价值我自己认为比较触及核心价值的题的如下同样只是一些方向 从政治经济学角度去思考这个平台迁徙背后的技术政治经济的交织以及创作者的劳动生产问题 如果只是昙花一现那么甚至可以专注研究起号这一现象用已有的文本等材料切入去探讨博主的自我呈现和对中国平台文化的他者想象 其他方向我觉得也可以做吧但是总感觉起码在新传领域稍微偏了点或者不足以支撑一篇完整文章的学术创新性,贴合 新传 论文 选题 学术 冷思考 现象 社科 学术 思考 角度 展开 跨文化 交流 身份 认同 地缘 政治 市场营销 外交 平台 算法 新传 角度 提供 冷思考 建议 盲目 理论 视角 现象 作出 解读 事件 梳理 网络 田野 调查 摸透 事件 价值 事实 细节 核心 现象 热点 评论 值得 深入研究 拥有 很强 研究 价值 触及 核心 价值 方向 政治经济学 角度 思考 平台 迁徙 技术 政治经济 交织 创作者 劳动 生产 专注 研究 现象 已有 文本 材料 切入 探讨 博主 呈现 中国 平台 文化 想象 方向 感觉 起码 新传 领域 不足以 支撑 完整 文章 学术 创新性,
67878a540000000019003317,normal,Hello中国朋友五月我看看你们的猪,如果我造成了问题我是抱歉 希望翻译正确,2025/1/15 11:20,57ab2754bd0da52b562e6ba7,铁打加班侠,1万+,10+,1千+,10+,中国,"tiktokrefugee,cattax,猫税",tiktokrefugee,Hello中国朋友五月我看看你们的猪。如果我造成了问题我是抱歉 希望翻译正确,中国 朋友 抱歉 希望 翻译 正确,
6787afff0000000019032a62,normal,hi china你好中国的朋友们,这是我的照片希望你过得愉快能够通过你自己的应用程序了解你的文化而不是仅仅通过我们所看到的内容真的很棒 This was translated so i hope its not terrible,2025/1/15 14:06,5ce28e5f000000001102ebc9,小欣_One,1万+,1千+,1千+,10+,中国,"我心依然是中国心,tiktok,tiktokrefugee,中国人",tiktokrefugee,hi china你好中国的朋友们。这是我的照片希望你过得愉快能够通过你自己的应用程序了解你的文化而不是仅仅通过我们所看到的内容真的很棒 This was translated so i hope its not terrible,中国 朋友 照片 希望 过得 愉快 应用程序 文化 内容 很棒,
67875f100000000019033146,normal,别吸美国人的猫太吓人,中国人想吸猫美国人被吓的立马拒绝笑哭R笑哭R笑哭R笑哭R笑哭R笑哭R 刷了一天的洋抖难民评论区真的是太欢乐了 这是我看到的最搞笑的一个了笑哭R笑哭R笑哭R笑哭R笑哭R笑哭R笑哭R笑哭R笑哭R,2025/1/15 5:46,649511d9000000001001c731,榴莲冲冲冲,1千+,10+,1千+,1千+,中国,"tiktokrefugee,tiktok",tiktokrefugee,别吸美国人的猫太吓人。中国人想吸猫美国人被吓的立马拒绝笑哭R笑哭R笑哭R笑哭R笑哭R笑哭R 刷了一天的洋抖难民评论区真的是太欢乐了 这是我看到的最搞笑的一个了笑哭R笑哭R笑哭R笑哭R笑哭R笑哭R笑哭R笑哭R笑哭R,美国 吓人 中国 想吸 美国 拒绝 难民 评论 欢乐 搞笑,
678607c6000000000900f90d,video,Dentist TikTok refugee,hello大家好我是Dr Lam我是来自tiktok的refugee我是来自美图德州的一名牙医很高兴认识大家之后我会发视频跟大家分享 外国人 tiktokrefugee,2025/1/14 7:33,66e4a757000000001d020c1f,Dr. Richard Lam,6.1万,1872,1973,731,其他,"外国人,tiktokrefugee",Tiktok refugee,Dentist TikTok refugee。hello大家好我是Dr Lam我是来自tiktok的refugee我是来自美图德州的一名牙医很高兴认识大家之后我会发视频跟大家分享 外国人 tiktokrefugee,德州 牙医 我会 视频 分享 外国人,
6787c7f9000000001603470a,normal,听说来了很多外国人ticktok refugees,大家好我们是来自中国的小我们从小在中国长大我们都说中文所以不使用翻译器很高兴和中国的网友见面谢谢大家飞吻R,2025/1/15 0:00,59bd1b1244363b110bc0a083,Aoki,10+,9,10+,10+,其他,"le,情侣,refuge,tiktok",Tiktok refugee,听说来了很多外国人ticktok refugees。大家好我们是来自中国的小我们从小在中国长大我们都说中文所以不使用翻译器很高兴和中国的网友见面谢谢大家飞吻R,听说 外国人 中国 中国 长大 中文 中国 网友 见面 谢谢 飞吻,
678653ca000000000203c769,normal,从双语到无语,小红书刷了一天美国人发着蹩脚中文中国人说着塑料英文晚上和朋友微信一聊天发现我的中文也带着一股机翻味儿了 虽然猫都很可爱大家都很友好但再这样下去我中文英文都要坏菜了 从双语马上要变成无语了,2025/1/14 13:06,5ba67d5ebb4dde0001b919be,桃園兒女巫??,1万+,10+,1千+,1千+,中国,"tiktokrefugee,cattax",tiktokrefugee,从双语到无语。小红书刷了一天美国人发着蹩脚中文中国人说着塑料英文晚上和朋友微信一聊天发现我的中文也带着一股机翻味儿了 虽然猫都很可爱大家都很友好但再这样下去我中文英文都要坏菜了 从双语马上要变成无语了,双语 无语 小红书 美国 发着 蹩脚 中文 中国 塑料 英文 朋友 微信 聊天 发现 中文 机翻 味儿 可爱 友好 中文 英文 双语 无语,
6787a0a0000000001b00acb1,normal,Hi China Im not tiktok refugee,这是我的照片希望你过得愉快能够通过你自己的应用程序了解你的文化而不是仅仅通过我们所看到的内容真的很棒,2025/1/15 0:00,5c3f4d62000000000602993a,dxx,10+,2,10+,3,其他,"tiktok,tiktokrefugee,refugee,少年感",Tiktok refugee,Hi China Im not tiktok refugee。这是我的照片希望你过得愉快能够通过你自己的应用程序了解你的文化而不是仅仅通过我们所看到的内容真的很棒,照片 希望 过得 愉快 应用程序 文化 内容 很棒,
67876b260000000019017739,video,tiktok refugee的不规则发音教学,英语教育 tiktokrefugee 亲子教育 英语教育 家庭教育 英语教育分享 家长必看 英语口语 牛津自然拼读,2025/1/15 0:00,5c938cc90000000016027e92,unBOOKED外文阅读俱乐部,5.2万,1.9万,1718,2753,中国,"英语教育,tiktokrefugee,亲子教育,家庭教育,英语教育分享,家长必看,英语口语,牛津自然拼读",Tiktok refugee,tiktok refugee的不规则发音教学。英语教育 tiktokrefugee 亲子教育 英语教育 家庭教育 英语教育分享 家长必看 英语口语 牛津自然拼读,不规则 发音 教学 亲子 教育 分享 家长 英语口语 牛津 拼读,
67869feb000000001703b0a3,video,All Chinese Brand Makeup Welcome XHS,tiktok tiktokrefugee makeup 家人们这对嘛 没事也化妆 变妆看我的 给冬天点颜色瞧瞧 小红书RFL时尚轻单 空气淡人妆 2024变美名场面 人怎么能争气成这样 @美妆薯 @时尚薯,2025/1/14 18:40,5a6364ea4eacab61add6ebd9,美希Mazing,1万+,1千+,1千+,10+,浙江,"tiktok,tiktokrefugee,makeup,没事也化妆,变妆看我的,给冬天点颜色瞧瞧,小红书RFL时尚轻单,空气淡人妆,2024变美名场面,人怎么能争气成这样",tiktokrefugee,All Chinese Brand Makeup Welcome XHS。tiktok tiktokrefugee makeup 家人们这对嘛 没事也化妆 变妆看我的 给冬天点颜色瞧瞧 小红书RFL时尚轻单 空气淡人妆 2024变美名场面 人怎么能争气成这样 @美妆薯 @时尚薯,没事 化妆 变妆 颜色 瞧瞧 小红书 时尚 轻单 空气 场面 争气 美妆薯 时尚,
6787d0640000000016036964,normal,来自瑞典的问候 Is my password correct 我的密码输对了吗,来自瑞典的问候 Is my password correct 我的密码输对了吗,2025/1/15 14:06,6787bc16000000000801db17,melvinmaikisch,1千+,10+,1千+,1千+,瑞典,tiktokrefugee,tiktokrefugee,来自瑞典的问候 Is my password correct 我的密码输对了吗。来自瑞典的问候 Is my password correct 我的密码输对了吗,瑞典 问候 密码 输对 瑞典 问候 密码 输对,
6787b76a000000001603c5e2,normal,对不起我没有可爱的猫给中国交税,大家好我叫富贵 这名字中国朋友取的给我好运 我想交朋友要交猫税可以伙计们交猫税为了我吗拜托,2025/1/15 14:06,5f3c6c40000000000101d36a,Lynn,1千+,10+,1千+,10+,中国,"tiktokrefugee,tiktok",tiktokrefugee,对不起我没有可爱的猫给中国交税。大家好我叫富贵 这名字中国朋友取的给我好运 我想交朋友要交猫税可以伙计们交猫税为了我吗拜托,可爱 中国 交税 富贵 名字 中国 朋友 好运 交朋友 交猫 伙计 交猫 拜托,
6787e65c000000001603f6da,normal,中国的朋友 你们很热情 但是消息太多我回,不过来 请让我一个个回你们 今天的下午很舒服 我正在散步 还有请问你们这里有一个做中国美食的明星是谁呢,2025/1/15 16:53,66ae67a2000000000b0305b4,love to.mar,1万+,10+,1千+,10+,中国,"tiktokban,tiktok,tiktokrefugee",tiktokrefugee,中国的朋友 你们很热情 但是消息太多我回。不过来 请让我一个个回你们 今天的下午很舒服 我正在散步 还有请问你们这里有一个做中国美食的明星是谁呢,中国 朋友 热情 消息 回不 舒服 散步 请问 中国 美食 明星,
6787b5b6000000001901d4f8,normal,其实有趣的不是外国人而是这里的中国人围观一天了事实上真让我觉得开心有趣的是小红书原住民层出不穷的梗和一些外国人根本没看懂的图片热情的待客氛围诚意友善的交流这些都是由原住民主导的在我们中国人身上有其他任何民族都没有的难以言喻的东西那就是温良温良不是温顺更不是懦弱温良是一种力量,其实有趣的不是外国人而是这里的中国人围观一天了事实上真让我觉得开心有趣的是小红书原住民层出不穷的梗和一些外国人根本没看懂的图片热情的待客氛围诚意友善的交流这些都是由原住民主导的在我们中国人身上有其他任何民族都没有的难以言喻的东西那就是温良温良不是温顺更不是懦弱温良是一种力量,2025/1/15 14:06,5a8c01fa11be105455693a8b,草,1万+,1千+,1千+,10+,中国,"中国人,tiktok,tiktokrefugee,tiktokban",tiktokrefugee,其实有趣的不是外国人而是这里的中国人围观一天了事实上真让我觉得开心有趣的是小红书原住民层出不穷的梗和一些外国人根本没看懂的图片热情的待客氛围诚意友善的交流这些都是由原住民主导的在我们中国人身上有其他任何民族都没有的难以言喻的东西那就是温良温良不是温顺更不是懦弱温良是一种力量。其实有趣的不是外国人而是这里的中国人围观一天了事实上真让我觉得开心有趣的是小红书原住民层出不穷的梗和一些外国人根本没看懂的图片热情的待客氛围诚意友善的交流这些都是由原住民主导的在我们中国人身上有其他任何民族都没有的难以言喻的东西那就是温良温良不是温顺更不是懦弱温良是一种力量,有趣 外国人 中国 围观 开心 有趣 红书 原住民 外国人 图片 热情 待客 氛围 诚意 友善 交流 原住民 中国 民族 言喻 东西 温良 温良 温顺 懦弱 温良 力量 有趣 外国人 中国 围观 开心 有趣 红书 原住民 外国人 图片 热情 待客 氛围 诚意 友善 交流 原住民 中国 民族 言喻 东西 温良 温良 温顺 懦弱 温良 力量,
6787ed6a000000001802dba7,normal,looking for friends,我不懂中文,2025/1/15 16:53,6786d8ff000000000801a1fb,Ljubica??,20,0,50,0,其他,"朋友们,寻找朋友", Looking for chat friends,looking for friends。我不懂中文,中文,
67880782000000001602d180,normal,很抱歉我似乎使用了错误的中文,我的朋友告诉我应该使用simplify 我想知道你们最喜欢英国的什么 请不要说哈利波特 因为人们总是提起这个 哈哈,2025/1/15 19:40,64eb265a0000000001005c0e,Irosa,1千+,10+,1万+,10+,英国,"tiktok,tiktokrefugee,introduction,英国",tiktokrefugee,很抱歉我似乎使用了错误的中文。我的朋友告诉我应该使用simplify 我想知道你们最喜欢英国的什么 请不要说哈利波特 因为人们总是提起这个 哈哈,抱歉 错误 中文 朋友 告诉 喜欢 英国 哈利波 提起,
6787effb000000001901b111,normal,笑得我肚子疼,今天在洋抖上刷到的一些高赞评论笑得我肚子疼,2025/1/15 16:53,5fef47d90000000001000ffd,Newkidintown,1万+,1千+,1千+,1千+,其他,"tiktokrefugee,tiktok_refugee,tiktokban,tiktokban2025,China,rednote,外国人",tiktokrefugee,笑得我肚子疼。今天在洋抖上刷到的一些高赞评论笑得我肚子疼,肚子疼 刷到 高赞 评论 肚子疼,
67880167000000001801d837,video,TikTok Refugee,I love it 我喜歡它 tiktokrefugee 抖音難民 為您推薦頁面,2025/1/16 0:00,6787f9f2000000000803c6bd,Jayden Towers,1万,375,1985,48,美国,"tiktokrefugee,抖音難民,為您推薦頁面",Tiktok refugee,TikTok Refugee。I love it 我喜歡它 tiktokrefugee 抖音難民 為您推薦頁面,喜歡 音難民 推薦 頁面,
67882c860000000016030bc2,normal,TikTok Refugee最大受害者是我,我对象是德国人偷偷下载了小红书通过insta 账号搜索到了我然后偷偷视奸我 我是Red Note Refugee,2025/1/16 0:00,5db4684c0000000001000be0,冷酷的玉米须小姐,6991,237,713,272,中国,"管不了一点,这种人请远离我,原来你也玩",Tiktok refugee,TikTok Refugee最大受害者是我。我对象是德国人偷偷下载了小红书通过insta 账号搜索到了我然后偷偷视奸我 我是Red Note Refugee,受害者 对象 德国人 下载 红书 账号 搜索 视奸,
67884213000000001700174b,video,would you eat this,asmr cooking tiktokrefugee 料理 西餐 美食制作 美食小宇宙 在家也能做美食,2025/1/15 22:26,6785d6ab000000000803c941,zach choi,1万+,1千+,1千+,1千+,美国,"asmr,cooking,tiktokrefugee,料理,西餐,美食制作,美食小宇宙,在家也能做美食",Tiktokrefugee,would you eat this。asmr cooking tiktokrefugee 料理 西餐 美食制作 美食小宇宙 在家也能做美食,料理 西餐 美食 制作 美食 宇宙 美食,
6787c482000000001d0131c1,normal,TikTok Refugee浪潮下的人文社科论文选题,上一篇帖子讨论翻译权力问题也许是我的语言太激进导致很多人的误解但我突然觉得这种文化讨论很适合作为论文选题根据我的个人观察和浅薄的学术认知 本人总结了一些论文选题主要包括翻译研究文化研究等等 话语权力语言霸权和翻译的政治从对小红书英文名翻译的争论谈起 从文化转向后的翻译学理论讨论小红书的诸多英文名翻译策略及其背后的逻辑 勒菲弗尔改写理论视域下的小红书出海翻译问题研究 在民族主义和世界主义之间小红书难民潮现象中的文化排斥与全球想象 非二元对立视角的文化现象研究 平台世界主义视域下的小红书难民潮再论中国国际传播的路径和机制 编码与解码小红书原住民和难民之间的互动仪式及文化博弈 从斯图亚特霍尔的编码和解码理论入手研究 难民的幽灵小红书用户迁徙中的数字身份展演研究 难民与殖民从文化帝国主义走向数字殖民主义基于TikTok Refugee的分析 从萨义德文化帝国主义理论和当代西方左翼数字殖民主义理论入手研究 乌托邦还是异托邦小红书难民潮现象中的互动式狂欢研究 从福柯的空间哲学空间诗学理论分析集体狂欢的现象和逻辑 流散的诗学小红书难民潮现象中的家园政治与人类命运共同体 从流散理论入手可结合乌托邦家园政治流散共同体等等 全球化时代的认识测绘小红书难民潮现象中的数字空间与文化逻辑 从詹姆逊的认识测绘理论入手可结合空间理论总体性理论乌托邦等等 当然还有一些其他的视角比如对refugee进行词源学分析然后再发明融合一些词tifugee对难民潮进行网络民族志的分析等等欢迎各位友好评论交流,2025/1/15 14:06,63d223f50000000026013904,Saturn,3854,2767,240,752,中国,"tiktokrefugee,论文选题,翻译研究,比较文学与世界文学,文艺学,文化差异与跨文化交际,英语语言文学,媒体传播学",Tiktok refugee,TikTok Refugee浪潮下的人文社科论文选题。上一篇帖子讨论翻译权力问题也许是我的语言太激进导致很多人的误解但我突然觉得这种文化讨论很适合作为论文选题根据我的个人观察和浅薄的学术认知 本人总结了一些论文选题主要包括翻译研究文化研究等等 话语权力语言霸权和翻译的政治从对小红书英文名翻译的争论谈起 从文化转向后的翻译学理论讨论小红书的诸多英文名翻译策略及其背后的逻辑 勒菲弗尔改写理论视域下的小红书出海翻译问题研究 在民族主义和世界主义之间小红书难民潮现象中的文化排斥与全球想象 非二元对立视角的文化现象研究 平台世界主义视域下的小红书难民潮再论中国国际传播的路径和机制 编码与解码小红书原住民和难民之间的互动仪式及文化博弈 从斯图亚特霍尔的编码和解码理论入手研究 难民的幽灵小红书用户迁徙中的数字身份展演研究 难民与殖民从文化帝国主义走向数字殖民主义基于TikTok Refugee的分析 从萨义德文化帝国主义理论和当代西方左翼数字殖民主义理论入手研究 乌托邦还是异托邦小红书难民潮现象中的互动式狂欢研究 从福柯的空间哲学空间诗学理论分析集体狂欢的现象和逻辑 流散的诗学小红书难民潮现象中的家园政治与人类命运共同体 从流散理论入手可结合乌托邦家园政治流散共同体等等 全球化时代的认识测绘小红书难民潮现象中的数字空间与文化逻辑 从詹姆逊的认识测绘理论入手可结合空间理论总体性理论乌托邦等等 当然还有一些其他的视角比如对refugee进行词源学分析然后再发明融合一些词tifugee对难民潮进行网络民族志的分析等等欢迎各位友好评论交流,浪潮 人文 社科 论文 选题 帖子 讨论 翻译 权力 语言 激进 导致 误解 文化 讨论 适合 论文 选题 观察 浅薄 学术 认知 论文 选题 包括 翻译 研究 文化 研究 话语 权力 语言 霸权 翻译 政治 红书 英文名 翻译 争论 谈起 文化 转向 理论 讨论 小红书 英文名 翻译 策略 逻辑 勒菲 弗尔 改写 理论 视域 小红书 出海 翻译 研究 民族主义 世界主义 小红书 难民潮 现象 文化 排斥 全球 想象 对立 视角 文化 现象 研究 平台 世界主义 视域 小红书 难民潮 中国 国际 传播 路径 机制 编码 解码 小红书 原住民 难民 仪式 文化 博弈 斯图亚特 霍尔 编码 解码 理论 入手 研究 难民 幽灵 小红书 用户 迁徙 数字 身份 展演 研究 难民 殖民 文化 帝国主义 走向 数字 殖民主义 分析 萨义德 文化 帝国主义 理论 左翼 数字 殖民主义 理论 入手 研究 乌托邦 异托邦 红书 难民潮 现象 互动式 狂欢 研究 福柯 空间 哲学 空间 诗学 理论 分析 集体 狂欢 现象 逻辑 流散 诗学 小红书 难民潮 现象 家园 政治 人类 命运 共同体 流散 理论 入手 乌托邦 家园 政治 流散 共同体 全球化 时代 测绘 小红书 难民潮 现象 数字 空间 文化 逻辑 詹姆逊 测绘 理论 入手 空间 理论 总体性 理论 乌托邦 视角 词源学 分析 发明 融合 难民潮 网络 民族志 分析 友好 评论 交流,
67888251000000001c00d5a2,normal,嗯对接上了,事实上子宫内膜异位症在全世界范围内都是个难题在美国也得面临做七次手术的情况 而且从作者在下面的评论来看可能已经异位到肾脏了这也呈现了内异症手术的一个弊端就是如何术后治疗不到位病灶有可能顺着之前的手术创面进行蔓延也就是越做手术病灶面积越大波及脏器和组织越多这就让这个治疗陷入困境 总之面对这个病人类到目前为止还没有太好的办法以上也只能供大家参考 蹩脚的英语也临时被拉来派上了用场 我是六层楼我爱这个世界,2025/1/16 4:00,5f3b8c2800000000010032eb,六层楼,1万+,1千+,1千+,1千+,美国,"tiktokrefugee,女性健康,女性,健康养生,健康科普",tiktokrefugee,嗯对接上了。事实上子宫内膜异位症在全世界范围内都是个难题在美国也得面临做七次手术的情况 而且从作者在下面的评论来看可能已经异位到肾脏了这也呈现了内异症手术的一个弊端就是如何术后治疗不到位病灶有可能顺着之前的手术创面进行蔓延也就是越做手术病灶面积越大波及脏器和组织越多这就让这个治疗陷入困境 总之面对这个病人类到目前为止还没有太好的办法以上也只能供大家参考 蹩脚的英语也临时被拉来派上了用场 我是六层楼我爱这个世界,接上 子宫 内膜 异位症 全世界 难题 美国 面临 手术 情况 作者 评论 异位 肾脏 呈现 内异 手术 弊端 治疗 到位 病灶 手术 创面 蔓延 做手术 病灶 面积 波及 脏器 组织 就让 治疗 面对 人类 办法 只能 参考 蹩脚 英语 拉来 派上 用场 世界,
6788883d000000001c00d00b,normal,中国App最有意思的地方就是评论区要比视频内容有趣的多笑哭R笑哭R笑哭R 热评第一的这个简直让我笑死了 或许我们一直对拥有的不自知 国家可以在任何方面赚钱但民众生活基础真的要做好 希望全世界的普通民众都能获得幸福,中国App最有意思的地方就是评论区要比视频内容有趣的多笑哭R笑哭R笑哭R 热评第一的这个简直让我笑死了 或许我们一直对拥有的不自知 国家可以在任何方面赚钱但民众生活基础真的要做好 希望全世界的普通民众都能获得幸福,2025/1/16 0:00,614a24e2000000000201edca,第五个月亮,10+,10+,10+,10+,中国,"TikTok,tiktokrefugee",Tiktok refugee,中国App最有意思的地方就是评论区要比视频内容有趣的多笑哭R笑哭R笑哭R 热评第一的这个简直让我笑死了 或许我们一直对拥有的不自知 国家可以在任何方面赚钱但民众生活基础真的要做好 希望全世界的普通民众都能获得幸福。中国App最有意思的地方就是评论区要比视频内容有趣的多笑哭R笑哭R笑哭R 热评第一的这个简直让我笑死了 或许我们一直对拥有的不自知 国家可以在任何方面赚钱但民众生活基础真的要做好 希望全世界的普通民众都能获得幸福,中国 地方 评论 视频 内容 有趣 拥有 自知 国家 赚钱 民众 生活 基础 做好 希望 全世界 民众 幸福 中国 地方 评论 视频 内容 有趣 拥有 自知 国家 赚钱 民众 生活 基础 做好 希望 全世界 民众 幸福,
67889c960000000019006521,normal,想要中国朋友,Hi I want to make chinese friends 我可以有一些中国朋友吗我想了解更多关于小红书的有趣事实,2025/1/16 6:46,6131d71e000000000201ff3a,Pierre Notaro,889,44,812,15,中国,tiktokrefugees, Looking for chat friends,想要中国朋友。Hi I want to make chinese friends 我可以有一些中国朋友吗我想了解更多关于小红书的有趣事实,想要 中国 朋友 中国 朋友 小红书 有趣 事实,
6787b202000000001802c466,normal,这个时代共通的语言只是真诚和爱,这两天因为tiktok refugee的涌入打开首页像是在翻阅一本质朴而美好的世界地图每个落脚点都有新奇而独特动人的故事正在发生没有难以逾越的高梯也不存在那面无法推翻的巨墙他们就这样带着一口蹩脚的机翻中文小心翼翼的光临我们的家 各国人民的生活照缅因州的雪景科罗拉多州的农场明尼苏达州的冰钓纽约的海滩交响乐演奏干练的女矿工辛勤的邮差良善的农场主在地球的两端不同肤色和种族的人们抛却差异性和偏见撕碎新闻网站里的虚假报道打翻厚厚的资讯壁垒互相尊重彼此友善世界紧缩成一个村落我们无所顾忌的畅所欲言自此误解化为粉尘随风飘散 今天看到一条帖子有一个外国人说使用这个应用程序让我大开眼界中国太美了人们太友善了我讨厌他们试图让我们分开看到的时候眼眶甚至有些湿润宏大的zz语境里民众的心愿实在显得尤为渺小但又如此朴素 语言或许有边界但真诚和爱可以无限延伸从地球的这一端链接至另一端于是世界变成一个柔和的圆这是这个时代zui伟大的语言 这场宏伟的集体行动不知会不会突然被按停最后成为历史洪流里的一笔但好在我有幸见证它发生也成为浮漂在历史中的一粟我想我会永远记住它因为这几乎囊括了一个理想主义者对于世界最崇高的期待和幻想 以加缪手记里的这段话为这场叙事致以敬意这个世界的悲惨和伟大不给我们任何真相但又许多爱荒谬当道爱拯救之 愿世界和平 Peace and love,2025/1/15 0:00,5e7c2a6b0000000001001e59,浮岛小象,10+,10+,10+,10+,中国,"tiktokrefugee,tiktok难民,世界和平,地球村,我会被文字打动,随笔,tiktok_refugee",Tiktok refugee,这个时代共通的语言只是真诚和爱。这两天因为tiktok refugee的涌入打开首页像是在翻阅一本质朴而美好的世界地图每个落脚点都有新奇而独特动人的故事正在发生没有难以逾越的高梯也不存在那面无法推翻的巨墙他们就这样带着一口蹩脚的机翻中文小心翼翼的光临我们的家 各国人民的生活照缅因州的雪景科罗拉多州的农场明尼苏达州的冰钓纽约的海滩交响乐演奏干练的女矿工辛勤的邮差良善的农场主在地球的两端不同肤色和种族的人们抛却差异性和偏见撕碎新闻网站里的虚假报道打翻厚厚的资讯壁垒互相尊重彼此友善世界紧缩成一个村落我们无所顾忌的畅所欲言自此误解化为粉尘随风飘散 今天看到一条帖子有一个外国人说使用这个应用程序让我大开眼界中国太美了人们太友善了我讨厌他们试图让我们分开看到的时候眼眶甚至有些湿润宏大的zz语境里民众的心愿实在显得尤为渺小但又如此朴素 语言或许有边界但真诚和爱可以无限延伸从地球的这一端链接至另一端于是世界变成一个柔和的圆这是这个时代zui伟大的语言 这场宏伟的集体行动不知会不会突然被按停最后成为历史洪流里的一笔但好在我有幸见证它发生也成为浮漂在历史中的一粟我想我会永远记住它因为这几乎囊括了一个理想主义者对于世界最崇高的期待和幻想 以加缪手记里的这段话为这场叙事致以敬意这个世界的悲惨和伟大不给我们任何真相但又许多爱荒谬当道爱拯救之 愿世界和平 Peace and love,时代 共通 语言 真诚 涌入 打开 像是 翻阅 质朴 美好 世界地图 落脚点 新奇 独特 动人 故事 发生 高梯 推翻 巨墙 蹩脚 机翻 中文 光临 人民 生活照 缅因州 雪景 科罗拉多州 农场 明尼苏达州 纽约 海滩 交响乐 演奏 干练 矿工 辛勤 邮差 良善 农场主 地球 肤色 种族 抛却 偏见 撕碎 新闻 网站 虚假 报道 打翻 资讯 壁垒 尊重 友善 世界 紧缩 村落 误解 化为 粉尘 随风飘 帖子 外国人 应用程序 中国 太美 友善 讨厌 试图 分开 眼眶 湿润 宏大 语境 民众 心愿 实在 显得 渺小 朴素 语言 边界 真诚 无限 延伸 地球 链接 世界 柔和 时代 语言 宏伟 集体行动 不知 历史 洪流 有幸 见证 发生 浮漂 历史 一粟 我会 记住 囊括 理想主义者 世界 崇高 期待 幻想 加缪 手记 叙事 致以 敬意 世界 悲惨 荒谬 拯救 世界 和平,
67883e620000000019032b07,normal,美妆博主注意这样才能吸引TikTokRefugee,TikTok refugee都跑到小红书了你的视频标题准备好了吗最近大量英语用户涌入小红书他们对小红书内容都很感兴趣但语言障碍可能让他们错过你的精彩内容 那么你的英语标题是不是已经足够吸引国际观众呢标题是吸引点击非常重要的一步他们会更关注标题是否地道和有吸引力而不是直译或生硬的表达你也可以以最地道正宗的英语吸引国际观众 如果你也想优化英语标题吸引Tiktok refugee 欢迎告诉我你想优化的视频标题哦,2025/1/16 0:00,5a1d5d55db2e606e096a415b,Lil hammster,10+,10+,2,10+,中国,"tiktokrefugee,美妆博主,美妆分享,干货,美妆教程,爆款标题,tiktokban,tiktok难民",Tiktok refugee,美妆博主注意这样才能吸引TikTokRefugee。TikTok refugee都跑到小红书了你的视频标题准备好了吗最近大量英语用户涌入小红书他们对小红书内容都很感兴趣但语言障碍可能让他们错过你的精彩内容 那么你的英语标题是不是已经足够吸引国际观众呢标题是吸引点击非常重要的一步他们会更关注标题是否地道和有吸引力而不是直译或生硬的表达你也可以以最地道正宗的英语吸引国际观众 如果你也想优化英语标题吸引Tiktok refugee 欢迎告诉我你想优化的视频标题哦,博主 吸引 视频 标题 好了吗 英语 用户 涌入 小红书 红书 内容 语言障碍 错过 精彩内容 英语 标题 足够 吸引 国际 观众 标题 吸引 点击 关注 标题 地道 吸引力 直译 生硬 表达 地道 正宗 英语 吸引 国际 观众 优化 英语 标题 吸引 告诉 优化 视频 标题,
6788b13c0000000016023606,normal,Hello my friends,这是我的猫,2025/1/16 0:00,6788a8a9000000000801d966,afdutgdk,626,50,540,15,美国,"tiktokrefugee,ttrefugee,fyp,refugee,hello,cat,我的萌宠,App分享",Tiktok refugee,Hello my friends。这是我的猫,,
67864aaf000000000b03acd2,normal,卡姐我来告诉你一些关于我的事,不你根本没想告诉我们 2年了2年了啊抓狂R,2025/1/14 10:20,60e7cb910000000001001785,天天的天天,1千+,10+,1千+,1千+,中国,"评论区,长见识开眼界,USA,tiktokrefugee,rednote,tiktok",tiktokrefugee,卡姐我来告诉你一些关于我的事。不你根本没想告诉我们 2年了2年了啊抓狂R,卡姐 告诉 告诉 抓狂,
6788c1c6000000001c00c616,video,小聊一些博主关于TT难民的观点是错误的,标题字数有限完整的标题应该是 为什么我认为一些博主关于TT难民的观点是错误的 文化殖民白人至上为什么讲英语而不是他们说中文难民一词你们凭什么用 可能扫射一片 每天介绍一个美神 美神小聊 Tiktokrefugee,2025/1/16 9:33,5d510ba0000000001103bd0d,姜思达,1万+,1千+,1千+,1千+,中国,"每天介绍一个美神,美神小聊,Tiktokrefugee",tiktokrefugee,小聊一些博主关于TT难民的观点是错误的。标题字数有限完整的标题应该是 为什么我认为一些博主关于TT难民的观点是错误的 文化殖民白人至上为什么讲英语而不是他们说中文难民一词你们凭什么用 可能扫射一片 每天介绍一个美神 美神小聊 Tiktokrefugee,博主 难民 观点 错误 标题 字数 有限 完整 标题 博主 难民 观点 错误 文化 殖民 白人 英语 中文 难民 扫射 介绍,
6788dfda0000000016022ab6,normal,Hello I am finn,我来自瑞士 在中国学习中文,2025/1/16 0:00,63ed6949000000002702b209,瑞士卷儿Finn,10+,5,10+,3,其他,"refugee,TikTok,Refugee,欧美帅哥",Tiktok refugee,Hello I am finn。我来自瑞士 在中国学习中文,瑞士 中国 学习 中文,
6788434b000000001602068a,normal,笑哭了tiktok难民评论区最爆笑大集锦,无法描述的笑点一定要仔细看每张图哭了一早上,2025/1/16 0:00,557e7463c2bdeb3f52e9eb6a,爱哄哄的LEGO,10+,10+,10+,10+,中国,"奇怪的文化输出,希望更多人看到,乐子人开始找乐子了,tiktok,tiktok难民,tiktokrefugee",Tiktok refugee,笑哭了tiktok难民评论区最爆笑大集锦。无法描述的笑点一定要仔细看每张图哭了一早上,难民 评论 爆笑 集锦 描述 笑点 仔细,
6788e3f700000000160213e7,normal,Hellochina,_ 你好中国本人受粉丝的邀请今天正式入驻微信啦希望大家多多关注,2025/1/16 0:00,5fdcc3c3000000000101d934,极品冰块.,10+,10+,10+,5,其他,"tiktok,refugee",Tiktok refugee,Hellochina。_ 你好中国本人受粉丝的邀请今天正式入驻微信啦希望大家多多关注,中国 粉丝 邀请 正式 入驻 微信 希望 关注,
6788c1db000000001601b461,video,小红薯这泼天的流量普通人应该怎么做,这次普通人的机会真的来了一定要抓住这次的风口一定要看完全程高能@Jack和Linda jack要加油 干货分享 小红书 tiktokre_refugee tiktok逃难小红书,2025/1/16 9:33,602133080000000001009854,Jack要充电,6735,2305,166,747,其他,"jack要加油,干货分享,小红书,tiktokre_refugee,tiktok逃难小红书",Tiktok refugee,小红薯这泼天的流量普通人应该怎么做。这次普通人的机会真的来了一定要抓住这次的风口一定要看完全程高能@Jack和Linda jack要加油 干货分享 小红书 tiktokre_refugee tiktok逃难小红书,红薯 流量 普通人 普通人 机会 抓住 风口 高能 加油 干货 分享 小红书 逃难 小红书,
6788e5e60000000017001aeb,video,有人在小红书上拿我开玩笑,也许我叫自己旺财会更好 Tiktok refugee,2025/1/16 9:33,66052c2e000000000b00ca81,Maksim 王富贵,2.5万,1014,1.8万,1726,中国,"Tiktok,refugee",Tiktok refugee,有人在小红书上拿我开玩笑。也许我叫自己旺财会更好 Tiktok refugee,小红 开玩笑 财会,
67890f120000000019006c7f,video,重生之我本是英语外教现在教外国人学中文,tiktokrefugee 老外真会玩 文化输出 Chinese learnchinese 老外学中文 小红书游学团 中文教学赛道也是让老外闯进去了,2025/1/16 15:06,5d746c7b0000000001002e27,AndrewCap安老师,1万+,1千+,1千+,1千+,中国,"tiktokrefugee,老外真会玩,文化输出,Chinese,learnchinese,老外学中文,小红书游学团,中文教学赛道也是让老外闯进去了",Tiktokrefugee,重生之我本是英语外教现在教外国人学中文。tiktokrefugee 老外真会玩 文化输出 Chinese learnchinese 老外学中文 小红书游学团 中文教学赛道也是让老外闯进去了,重生 英语 外教 外国人 中文 老外 文化 输出 老外 中文 小红书 游学 中文 教学赛 老外 闯进去,
67887d880000000016018eb8,normal,好梦幻啊互联网巴别塔被重建了,希望这个泡沫能破碎得慢一点,2025/1/16 4:00,66d6ed85000000001d0313cd,盐柠苏打,1万+,1千+,1千+,1千+,中国,"tiktok难民,tiktokrefugee",tiktokrefugee,好梦幻啊互联网巴别塔被重建了。希望这个泡沫能破碎得慢一点,梦幻 互联网 巴别 重建 希望 泡沫 破碎,
678937e00000000003021f58,normal,Help me 这句话是什么意思,我的朋友让我来这里问他不告诉我,2025/1/16 17:53,6518d9b50000000023026600,比利时Aron,1万+,1千+,1万+,1千+,其他,"tiktokrefugee,求助万能网友",tiktokrefugee,Help me 这句话是什么意思。我的朋友让我来这里问他不告诉我,朋友 告诉,
6788dd47000000001803e4ee,normal,老外在tiktok上都是怎么议论我们的,通过这次tiktok涌入小红书事件大家一定程度上打破了一些信息差原来彼此的生活是这样的或许文化背景不同但是并没有阻碍任何人的交流图片为所有真诚的人点赞,2025/1/16 12:20,6183ca0f000000001000d0d0,探探野生版,1千+,1千+,1千+,10+,其他,"tiktokrefugee,机翻,cattax,tiktok,猫税,rednote",tiktokrefugee,老外在tiktok上都是怎么议论我们的。通过这次tiktok涌入小红书事件大家一定程度上打破了一些信息差原来彼此的生活是这样的或许文化背景不同但是并没有阻碍任何人的交流图片为所有真诚的人点赞,老外 议论 涌入 小红书 事件 程度 打破 信息 生活 文化背景 阻碍 交流 图片 真诚 人点,
6788b798000000001d010cb1,normal,Im NOT TikTok refugee haha,你好我来自乔治亚州 国家有人在深圳吗你想和我做朋友吗请教我中文 我实际上在中国生活和学习害羞R再见R,2025/1/16 0:00,67519dc1000000001c01ba71,Izanami,544,64,1669,22,其他,"Tiktok,tiktokr_refugee,格鲁吉亚,外国人,深圳,深圳的外国人,中国人,中国朋友,englishinuse,外国朋友",Tiktok refugee,Im NOT TikTok refugee haha。你好我来自乔治亚州 国家有人在深圳吗你想和我做朋友吗请教我中文 我实际上在中国生活和学习害羞R再见R,乔治亚州 国家 深圳 朋友 请教 中文 中国 生活 学习 害羞 再见,
678910d10000000018016e09,normal,TikTok refugee热门语言学论文选题详解,偷笑R最近老美用户的涌入不但贡献了很多梗更是提供了源源不断的语言学论文数据多么有趣的语言学现象这对语言学科研牛马们真是千载难逢笑哭R据说tiktok后面还能继续用据说小红书可能出个海外版app把歪果仁分出去那这波数据可能只是短暂的大家抓住机会 种草R以下是我观察最近笔记和评论区中的语言现象总结出的论文选题聚焦社会语言学和应用语言学 1 跨文化互动中的语言与文化身份建构 研究问题美国用户如何在小红书上通过语言选择和内容发布构建文化身份 方法分析美国用户发布的笔记和评论内容聚焦其使用的语言形式中文英文以及文化符号 理论框架身份建构理论跨文化交际理论 2 身份协商与语言策略小红书评论区的跨文化互动分析 研究问题中美网友在小红书评论区如何通过语言协商彼此身份 方法选取热点笔记下的高频互动评论分析身份认同与协商过程中的语用策略 理论框架会话分析身份协商理论 3 语言权力关系与文化适应外国用户学习中文网络用语的社会语言学视角 研究问题外国用户学习并使用中文网络用语是否暗含语言权力关系的重构 方法对小红书评论区中外国用户使用中文网络用语的案例进行语言权力分析 理论框架语言权力理论文化资本理论 4 小红书平台中的数字语言景观跨文化交际与语言选择 研究问题小红书的语言景观如何反映平台内的跨文化交流特征 方法收集小红书首页推荐的热门笔记和评论分析其语言使用的多样性与功能 理论框架数字语言景观理论跨文化语言生态 5 中文翻译的意义构建跨文化语境中的社会媒体实践 研究问题美国用户如何通过翻译与中国网友互动并在翻译过程中构建意义 方法分析美国用户发布的中文翻译内容及其背后的语义偏差与文化适应现象 理论框架翻译社会学跨文化语用学 向右R向右R字数有限更多选题思路见图片 这些选题均可以结合定量与定性方法如内容文本分析语料库研究问卷调查和访谈 更多选题思路和研究设计欢迎一起探讨交流寒假偷偷卷论文,2025/1/16 0:00,5c52a960000000001200ce7b,语言学安琪老师,10+,10+,10+,10+,中国,"论文选题,语言学,论文,tiktokrefugee,外国语言学及应用语言学,学术论文",Tiktok refugee,TikTok refugee热门语言学论文选题详解。偷笑R最近老美用户的涌入不但贡献了很多梗更是提供了源源不断的语言学论文数据多么有趣的语言学现象这对语言学科研牛马们真是千载难逢笑哭R据说tiktok后面还能继续用据说小红书可能出个海外版app把歪果仁分出去那这波数据可能只是短暂的大家抓住机会 种草R以下是我观察最近笔记和评论区中的语言现象总结出的论文选题聚焦社会语言学和应用语言学 1 跨文化互动中的语言与文化身份建构 研究问题美国用户如何在小红书上通过语言选择和内容发布构建文化身份 方法分析美国用户发布的笔记和评论内容聚焦其使用的语言形式中文英文以及文化符号 理论框架身份建构理论跨文化交际理论 2 身份协商与语言策略小红书评论区的跨文化互动分析 研究问题中美网友在小红书评论区如何通过语言协商彼此身份 方法选取热点笔记下的高频互动评论分析身份认同与协商过程中的语用策略 理论框架会话分析身份协商理论 3 语言权力关系与文化适应外国用户学习中文网络用语的社会语言学视角 研究问题外国用户学习并使用中文网络用语是否暗含语言权力关系的重构 方法对小红书评论区中外国用户使用中文网络用语的案例进行语言权力分析 理论框架语言权力理论文化资本理论 4 小红书平台中的数字语言景观跨文化交际与语言选择 研究问题小红书的语言景观如何反映平台内的跨文化交流特征 方法收集小红书首页推荐的热门笔记和评论分析其语言使用的多样性与功能 理论框架数字语言景观理论跨文化语言生态 5 中文翻译的意义构建跨文化语境中的社会媒体实践 研究问题美国用户如何通过翻译与中国网友互动并在翻译过程中构建意义 方法分析美国用户发布的中文翻译内容及其背后的语义偏差与文化适应现象 理论框架翻译社会学跨文化语用学 向右R向右R字数有限更多选题思路见图片 这些选题均可以结合定量与定性方法如内容文本分析语料库研究问卷调查和访谈 更多选题思路和研究设计欢迎一起探讨交流寒假偷偷卷论文,热门 语言学 论文 选题 详解 偷笑 用户 涌入 贡献 提供 语言学 论文 数据 有趣 语言学 现象 语言学 科研 牛马 小红书 海外版 果仁 数据 短暂 抓住机会 种草 观察 笔记 评论 语言 现象 论文 选题 聚焦 社会 语言学 语言学 跨文化 语言 文化 身份 建构 研究 美国 用户 小红 内容 发布 构建 文化 身份 方法 分析 美国 用户 发布 笔记 评论 内容 聚焦 语言 形式 中文 英文 文化 符号 理论 框架 身份 建构 理论 跨文化 交际 理论 身份 协商 语言 策略 小红书 评论 跨文化 分析 研究 网友 红书 评论 语言 协商 身份 方法 选取 热点 笔记 评论 分析 身份 认同 协商 过程 语用 策略 理论 框架 分析 身份 协商 理论 语言 权力 关系 文化 外国 用户 学习 中文 网络 用语 社会 语言学 视角 研究 外国 用户 学习 中文 网络 用语 暗含 语言 权力 关系 重构 方法 红书 评论 外国 用户 中文 网络 用语 案例 语言 权力 分析 理论 框架 语言 权力 理论 文化 资本 理论 小红书 平台 数字 语言 景观 跨文化 交际 研究 小红书 语言 景观 平台 跨文化 交流 特征 方法 收集 小红书 推荐 热门 笔记 评论 分析 语言 功能 理论 框架 数字 语言 景观 理论 跨文化 语言 生态 意义 构建 跨文化 语境 社会 媒体 实践 研究 美国 用户 翻译 中国 网友 翻译 过程 构建 意义 方法 分析 美国 用户 发布 内容 语义 偏差 文化 现象 理论 框架 翻译 社会学 跨文化 语用 学向 字数 有限 多选题 思路 图片 选题 定量 定性 方法 内容 文本 分析 语料库 研究 访谈 多选题 思路 研究 设计 探讨 交流 寒假 论文,
6788fcad0000000018015cda,normal,老外来xhs交的学费我一条条跟在后面学,你一定也发现了小红书正在爆改成大型线上英语角 近几天来大量IP定位在美国的用户自发涌入小红书发帖他们自称TikTok难民表示此举是为了应对TikTok在美国可能被禁的情况截至1月16日tiktokrefugee已有超过7亿浏览量这是一场没有预演的赛博迁徙据经济观察报报道为了尽快优化针对外国用户的功能小红书团队从1月13日晚就开始加班 而对于原住民网友来说这也是一场堪称奇妙的体验当你打开小红书不仅首页被各色外国面孔霸屏而且无论是趋于内卷的音乐区还是质朴无滤镜的三农赛道几乎每个领域都挤满了美国人就连国内博主发的内容评论区的英文含量也骤然升高 这是中文社交平台上久违的地球村氛围从第一天起网友们就在帮助这群赛博移民适应新的社交环境海量碎片化的新手指南散布在各个角落请提供你的猫税把你的英语作业给我v我2美刀这些内容几乎无处不在 中文互联网的幽默与才华在外国人涌入小红书的这几日得到了淋漓尽致的展现这些没有阻碍的对话也大多数是以尊重和包容为前提有网友说这像是李华这么多年终于收到了回信而信中使用的什么语言说的什么内容反而没那么重要了 没有人能准确知道这种珍贵的交流能维持多久就像之前没有人能预料到会发生这场大型赛博迁徙但对于渴望友好交流的中外网友来说这无疑是一个重要的契机和窗口尽管现实中我们无法拥抱彼此但幸好在电子世界中我们再次张开了怀抱 作者哈吉小薇PP 编辑陆一鸣,2025/1/16 12:20,64b09ce9000000000a023d74,新周刊,153,96,4,62,中国,"tiktok,tiktokrefugee,交猫税,TipsonRED,learnchinese,Ama,askmeanything,新周刊,每天都是为了新一点",Tiktok refugee,老外来xhs交的学费我一条条跟在后面学。你一定也发现了小红书正在爆改成大型线上英语角 近几天来大量IP定位在美国的用户自发涌入小红书发帖他们自称TikTok难民表示此举是为了应对TikTok在美国可能被禁的情况截至1月16日tiktokrefugee已有超过7亿浏览量这是一场没有预演的赛博迁徙据经济观察报报道为了尽快优化针对外国用户的功能小红书团队从1月13日晚就开始加班 而对于原住民网友来说这也是一场堪称奇妙的体验当你打开小红书不仅首页被各色外国面孔霸屏而且无论是趋于内卷的音乐区还是质朴无滤镜的三农赛道几乎每个领域都挤满了美国人就连国内博主发的内容评论区的英文含量也骤然升高 这是中文社交平台上久违的地球村氛围从第一天起网友们就在帮助这群赛博移民适应新的社交环境海量碎片化的新手指南散布在各个角落请提供你的猫税把你的英语作业给我v我2美刀这些内容几乎无处不在 中文互联网的幽默与才华在外国人涌入小红书的这几日得到了淋漓尽致的展现这些没有阻碍的对话也大多数是以尊重和包容为前提有网友说这像是李华这么多年终于收到了回信而信中使用的什么语言说的什么内容反而没那么重要了 没有人能准确知道这种珍贵的交流能维持多久就像之前没有人能预料到会发生这场大型赛博迁徙但对于渴望友好交流的中外网友来说这无疑是一个重要的契机和窗口尽管现实中我们无法拥抱彼此但幸好在电子世界中我们再次张开了怀抱 作者哈吉小薇PP 编辑陆一鸣,老外 来交 学费 发现 红书 改成 英语角 定位 美国 用户 自发 涌入 小红书 发帖 自称 难民 应对 美国 情况 已有 超过 浏览量 预演 赛博 迁徙 经济 观察报 报道 优化 外国 用户 功能 小红书 团队 加班 原住民 网友 堪称 奇妙 体验 打开 小红书 外国 面孔 霸屏 趋于 内卷 音乐 质朴 滤镜 三农 赛道 领域 挤满 美国 博主发 内容 评论 英文 含量 升高 中文 社交 平台 久违 地球村 氛围 网友 群赛 移民 社交 环境 海量 碎片 新手 指南 散布 角落 提供 猫税 英语 作业 内容 中文 互联网 幽默 才华 外国人 涌入 小红书 展现 阻碍 对话 尊重 包容 前提 网友 像是 李华 收到 回信 语言 内容 人能 准确 珍贵 交流 人能 发生 赛博 迁徙 渴望 友好 交流 网友 契机 现实 拥抱 幸好 电子 世界 张开 怀抱 作者 哈吉 小薇 编辑 陆一鸣,
6788f192000000001603c8ae,normal,终于想明白ticktock refugee是怎么一回事了,经过一整天的思考我终于想清楚了整件事情是怎么回事捂脸R 2010年的时候互联网已经把我们给隔离了哭惹R 这么久的时间里我们就像住在桃花源里的人一样语言文化思想处处都封闭但是现在我们国家虽然把外网给了外里面的歪果仁却自己飘过来山不见他们他们自己来见 我想明白这一层后就不难发现我们自家门没打开但是别人都进来了这不就相当于我们打开了听懂掌声哎相当于就是你把小一圈小羊圈起来不让他去见外面的小羊结果外面的小羊都跑进了小羊圈里面那他们最后还是见面儿了呀哎这个事情就非常有意思其实那个圈儿开不开就不重要了重要是开眼了所以说全网会这么兴奋 现在问题一就是人把歪果软剑给禁了之后歪果仁自己跑进来了他还得了这些人吗二是会不会再被禁就是这两个问题如果不解决估计这两波面面相觑的憨憨都会没安全感地继续这么兴奋对账下去反正这两拨人之前从来没见面儿的现在在网上见面儿了很多事情那官媒就说了不算了 最搞笑的事情是我们双方网友大型现场对账之后发现米国人打工人的生活水准竟然跟种瓜人的打工人的生活水准差不离儿捂脸R这个事情就很有趣毕竟口水仗打了这么多年结果发现两个大国的GDP竟然都是我们这些牛马卷起来的捂脸R大家都是牛马没有啥本质差别 总而言之这次的事将严重被历史低估为什么这么说呢因为这将是一个消除种族歧视的最好机会生气R 为什么会有歧视因为不理解为什么不理解因为没交流啊但是现在有交流了那总有机会理解足够包容足够触达的文化不会被歧视 毕竟大家都能互相理解能互相包容了还有什么可奇视呢,2025/1/16 0:00,5aa5d0954eacab2500207a70,大boss菠萝吹雪,10+,0,4,2,其他,"抖音难民,ticktok难民,ticktok",Tiktok refugee,终于想明白ticktock refugee是怎么一回事了。经过一整天的思考我终于想清楚了整件事情是怎么回事捂脸R 2010年的时候互联网已经把我们给隔离了哭惹R 这么久的时间里我们就像住在桃花源里的人一样语言文化思想处处都封闭但是现在我们国家虽然把外网给了外里面的歪果仁却自己飘过来山不见他们他们自己来见 我想明白这一层后就不难发现我们自家门没打开但是别人都进来了这不就相当于我们打开了听懂掌声哎相当于就是你把小一圈小羊圈起来不让他去见外面的小羊结果外面的小羊都跑进了小羊圈里面那他们最后还是见面儿了呀哎这个事情就非常有意思其实那个圈儿开不开就不重要了重要是开眼了所以说全网会这么兴奋 现在问题一就是人把歪果软剑给禁了之后歪果仁自己跑进来了他还得了这些人吗二是会不会再被禁就是这两个问题如果不解决估计这两波面面相觑的憨憨都会没安全感地继续这么兴奋对账下去反正这两拨人之前从来没见面儿的现在在网上见面儿了很多事情那官媒就说了不算了 最搞笑的事情是我们双方网友大型现场对账之后发现米国人打工人的生活水准竟然跟种瓜人的打工人的生活水准差不离儿捂脸R这个事情就很有趣毕竟口水仗打了这么多年结果发现两个大国的GDP竟然都是我们这些牛马卷起来的捂脸R大家都是牛马没有啥本质差别 总而言之这次的事将严重被历史低估为什么这么说呢因为这将是一个消除种族歧视的最好机会生气R 为什么会有歧视因为不理解为什么不理解因为没交流啊但是现在有交流了那总有机会理解足够包容足够触达的文化不会被歧视 毕竟大家都能互相理解能互相包容了还有什么可奇视呢,明白 回事 思考 整件 事情 互联网 隔离 时间 桃花源 语言 文化 思想 封闭 国家 外网 果仁 不见 明白 发现 自家门 打开 相当于 打开 听懂 掌声 相当于 羊圈 不让 小羊 小羊 羊圈 见面 事情 圈儿 开不开 开眼 全网 兴奋 歪果 软剑 给禁 果仁 解决 估计 安全感 兴奋 对账 两拨 见面 见面 事情 官媒 不算 搞笑 事情 网友 现场 对账 发现 国人 工人 生活水准 种瓜 工人 生活水准 事情 有趣 口水仗 发现 大国 牛马 牛马 本质 历史 低估 消除 机会 生气 歧视 理解 理解 交流 交流 机会 理解 足够 包容 足够 触达 文化 歧视 包容 奇视,
6788fcad0000000018015cda,normal,老外来xhs交的学费我一条条跟在后面学,你一定也发现了小红书正在爆改成大型线上英语角 近几天来大量IP定位在美国的用户自发涌入小红书发帖他们自称TikTok难民表示此举是为了应对TikTok在美国可能被禁的情况截至1月16日tiktokrefugee已有超过7亿浏览量这是一场没有预演的赛博迁徙据经济观察报报道为了尽快优化针对外国用户的功能小红书团队从1月13日晚就开始加班 而对于原住民网友来说这也是一场堪称奇妙的体验当你打开小红书不仅首页被各色外国面孔霸屏而且无论是趋于内卷的音乐区还是质朴无滤镜的三农赛道几乎每个领域都挤满了美国人就连国内博主发的内容评论区的英文含量也骤然升高 这是中文社交平台上久违的地球村氛围从第一天起网友们就在帮助这群赛博移民适应新的社交环境海量碎片化的新手指南散布在各个角落请提供你的猫税把你的英语作业给我v我2美刀这些内容几乎无处不在 中文互联网的幽默与才华在外国人涌入小红书的这几日得到了淋漓尽致的展现这些没有阻碍的对话也大多数是以尊重和包容为前提有网友说这像是李华这么多年终于收到了回信而信中使用的什么语言说的什么内容反而没那么重要了 没有人能准确知道这种珍贵的交流能维持多久就像之前没有人能预料到会发生这场大型赛博迁徙但对于渴望友好交流的中外网友来说这无疑是一个重要的契机和窗口尽管现实中我们无法拥抱彼此但幸好在电子世界中我们再次张开了怀抱 作者哈吉小薇PP 编辑陆一鸣,2025/1/16 0:00,64b09ce9000000000a023d74,新周刊,10+,10+,4,10+,中国,"tiktok,tiktokrefugee,交猫税,TipsonRED,learnchinese,Ama,askmeanything,新周刊,每天都是为了新一点",Tiktok refugee,老外来xhs交的学费我一条条跟在后面学。你一定也发现了小红书正在爆改成大型线上英语角 近几天来大量IP定位在美国的用户自发涌入小红书发帖他们自称TikTok难民表示此举是为了应对TikTok在美国可能被禁的情况截至1月16日tiktokrefugee已有超过7亿浏览量这是一场没有预演的赛博迁徙据经济观察报报道为了尽快优化针对外国用户的功能小红书团队从1月13日晚就开始加班 而对于原住民网友来说这也是一场堪称奇妙的体验当你打开小红书不仅首页被各色外国面孔霸屏而且无论是趋于内卷的音乐区还是质朴无滤镜的三农赛道几乎每个领域都挤满了美国人就连国内博主发的内容评论区的英文含量也骤然升高 这是中文社交平台上久违的地球村氛围从第一天起网友们就在帮助这群赛博移民适应新的社交环境海量碎片化的新手指南散布在各个角落请提供你的猫税把你的英语作业给我v我2美刀这些内容几乎无处不在 中文互联网的幽默与才华在外国人涌入小红书的这几日得到了淋漓尽致的展现这些没有阻碍的对话也大多数是以尊重和包容为前提有网友说这像是李华这么多年终于收到了回信而信中使用的什么语言说的什么内容反而没那么重要了 没有人能准确知道这种珍贵的交流能维持多久就像之前没有人能预料到会发生这场大型赛博迁徙但对于渴望友好交流的中外网友来说这无疑是一个重要的契机和窗口尽管现实中我们无法拥抱彼此但幸好在电子世界中我们再次张开了怀抱 作者哈吉小薇PP 编辑陆一鸣,老外 来交 学费 发现 红书 改成 英语角 定位 美国 用户 自发 涌入 小红书 发帖 自称 难民 应对 美国 情况 已有 超过 浏览量 预演 赛博 迁徙 经济 观察报 报道 优化 外国 用户 功能 小红书 团队 加班 原住民 网友 堪称 奇妙 体验 打开 小红书 外国 面孔 霸屏 趋于 内卷 音乐 质朴 滤镜 三农 赛道 领域 挤满 美国 博主发 内容 评论 英文 含量 升高 中文 社交 平台 久违 地球村 氛围 网友 群赛 移民 社交 环境 海量 碎片 新手 指南 散布 角落 提供 猫税 英语 作业 内容 中文 互联网 幽默 才华 外国人 涌入 小红书 展现 阻碍 对话 尊重 包容 前提 网友 像是 李华 收到 回信 语言 内容 人能 准确 珍贵 交流 人能 发生 赛博 迁徙 渴望 友好 交流 网友 契机 现实 拥抱 幸好 电子 世界 张开 怀抱 作者 哈吉 小薇 编辑 陆一鸣,
6789d50e00000000160226ec,normal,Questions from a TikTok Refugee,我还有很多问题但这里已经很晚了我很高兴能够教你们一个新的俚语并表明我们两国的普通公民都远非富裕哈哈哈 问题三你有什么问题要问我如果我今晚不回答我会在明天早上回答,2025/1/17 0:00,67887965000000000803fd72,Ashleycosgrove,10+,10+,10+,8,其他,,Tiktok refugee,Questions from a TikTok Refugee。我还有很多问题但这里已经很晚了我很高兴能够教你们一个新的俚语并表明我们两国的普通公民都远非富裕哈哈哈 问题三你有什么问题要问我如果我今晚不回答我会在明天早上回答,俚语 两国 公民 远非 富裕 回答 我会 回答,
6788822c000000001d010005,normal,我来自美国纽约这是我的房贷,我来自美国这是我的每月抵押贷款报表我的总余额是 857k我必须每月支付 6300 美元为期 30 年 目前4300 美元用于支付利息950 美元用于支付本金1000 美元用于支付房产税 Im from the US this is my monthly mortgage statement my total balance is 857k i have to pay 6300 a month for 30 years currently 4300 goes to my interest 950 goes to my principal and 1000 goes to property tax,2025/1/16 0:00,6533d6550000000006004a23,DanNYC,4335,1203,3380,1525,美国,"tiktokrefugee,tiktok_refugee,中美对账",Tiktok refugee,我来自美国纽约这是我的房贷。我来自美国这是我的每月抵押贷款报表我的总余额是 857k我必须每月支付 6300 美元为期 30 年 目前4300 美元用于支付利息950 美元用于支付本金1000 美元用于支付房产税 Im from the US this is my monthly mortgage statement my total balance is 857k i have to pay 6300 a month for 30 years currently 4300 goes to my interest 950 goes to my principal and 1000 goes to property tax,美国纽约 美国 抵押 贷款 报表 余额 支付 用于 支付 利息 用于 支付 本金 用于 支付,
6789e079000000000a006d99,normal,TikTok refugee here,Hi l am Oliver My Chinese name is 姜焱焱 中国的朋友们有人说我衣服太多了需要脱掉一些才能变成男菩萨这样才会有人注意到我但我比较害羞只能做到这样程度我希望自己有正室那样的宽容希望大家在外面玩得开心也能早点回家我会等着大家的评论和关注,2025/1/17 5:00,5ed273e20000000001002dcf,姜焱焱,1万+,1千+,1千+,1千+,英国,"ttrefugee,tiktokrefugee,refugee,fyp,tiktokban,usa,rednote,不看那里挑战,不看白不看",tiktokrefugee,TikTok refugee here。Hi l am Oliver My Chinese name is 姜焱焱 中国的朋友们有人说我衣服太多了需要脱掉一些才能变成男菩萨这样才会有人注意到我但我比较害羞只能做到这样程度我希望自己有正室那样的宽容希望大家在外面玩得开心也能早点回家我会等着大家的评论和关注,姜焱焱 中国 朋友 衣服 脱掉 菩萨 害羞 只能 程度 希望 正室 宽容 希望 开心 回家 我会 评论 关注,
678852f70000000019010fbb,video,TikTok Refugee事件最大受害者出现,一觉醒来被迫给祖宗十八代丢脸了@薯队长 求求你分区的时候把我留在国内一个人上网挺无助的 tiktokrefugee 留子整活大赛 逆向文化冲击,2025/1/16 1:13,65867d2a000000001c03c743,威力Willie(?ì _ í?),3074,74,153,20,其他,"一个人上网挺无助的,tiktokrefugee,留子整活大赛,逆向文化冲击",Tiktok refugee,TikTok Refugee事件最大受害者出现。一觉醒来被迫给祖宗十八代丢脸了@薯队长 求求你分区的时候把我留在国内一个人上网挺无助的 tiktokrefugee 留子整活大赛 逆向文化冲击,事件 受害者 觉醒 祖宗 丢脸 队长 求求 分区 留在 上网 无助 留子 整活 大赛 逆向 文化 冲击,
6789de9f000000001d01014a,normal,在北海和Tiktok Refugeebushi一起包饺子,@Savannah在北海负责的LTL语言学校经常会给从国外来中国学习英文的学生们举办各种各样的活动来体验本地生活 如果你也想和外国人一起交流一起玩就来作他们的语言搭子吧听说他们学校还在招实习生哦 北海,2025/1/17 0:00,5d4330af000000001203f01b,Cap20,10+,5,10+,5,其他,"广西,英语,中文,对外汉语",Tiktok refugee,在北海和Tiktok Refugeebushi一起包饺子。@Savannah在北海负责的LTL语言学校经常会给从国外来中国学习英文的学生们举办各种各样的活动来体验本地生活 如果你也想和外国人一起交流一起玩就来作他们的语言搭子吧听说他们学校还在招实习生哦 北海,北海 饺子 北海 负责 语言 学校 中国 学习 英文 学生 举办 活动 体验 生活 外国人 交流 语言 搭子 听说 学校 实习生 北海,
678878f600000000210033e4,normal,TikTok refugees与英语教学,前情概要 近期TikTok refugees大量涌入小红书相信很多人在首页都看到了a lot of foreigners 抛开别的因素来说这一现象某种程度有利于语言的交流甚至是文化的交流很多foreigners对中国文化还是蛮感兴趣的长期以来我们中国学生学英语都缺少一个文化交流的语境因此在英语教学中常常提倡设置一个情境贯穿教学且该情境最好是与学生生活息息相关真实发生的具有可信度和可操作性的那结合TikTok refugees这一热点我想这不就是现成的超合适的情境素材嘛毕竟现在很多学生都会网上冲浪的 如何利用TikTok refugees进行课堂导入 和学生一起读外国人帖子Recently there is hot news on the Internet Look at this TikTok refugees do you know what happened Yes Wow you really pay attention to the news Now lets turn to this post Could you help me find out what this foreigner is sayingSHe says he wants to know more abouthe is very interested in our Chinas与本文相关 T If you were an online friend how would you reply to him S1S2 如何利用TikTok refugees进行读后产出看图三 以上两个只是非常简单的version具体可结合教学内容进行调整比如关于自我介绍的可以导入一段外国人用中文做自我介绍的video然后便轮到中国学生用英文做自我介绍了比如关于中国文化可以导入一个帖子中国网友在评论区晒的照片等等总之情境一定要有真实感互动感 ps英语输入太容易超字数限制了详情请看图片,2025/1/16 0:00,6268d2b40000000010005384,Zi教师的学习日记,10+,10+,4,10+,中国,"教师招聘试讲,十分钟试讲,初中英语阅读,英语试讲导入分享",Tiktok refugee,TikTok refugees与英语教学。前情概要 近期TikTok refugees大量涌入小红书相信很多人在首页都看到了a lot of foreigners 抛开别的因素来说这一现象某种程度有利于语言的交流甚至是文化的交流很多foreigners对中国文化还是蛮感兴趣的长期以来我们中国学生学英语都缺少一个文化交流的语境因此在英语教学中常常提倡设置一个情境贯穿教学且该情境最好是与学生生活息息相关真实发生的具有可信度和可操作性的那结合TikTok refugees这一热点我想这不就是现成的超合适的情境素材嘛毕竟现在很多学生都会网上冲浪的 如何利用TikTok refugees进行课堂导入 和学生一起读外国人帖子Recently there is hot news on the Internet Look at this TikTok refugees do you know what happened Yes Wow you really pay attention to the news Now lets turn to this post Could you help me find out what this foreigner is sayingSHe says he wants to know more abouthe is very interested in our Chinas与本文相关 T If you were an online friend how would you reply to him S1S2 如何利用TikTok refugees进行读后产出看图三 以上两个只是非常简单的version具体可结合教学内容进行调整比如关于自我介绍的可以导入一段外国人用中文做自我介绍的video然后便轮到中国学生用英文做自我介绍了比如关于中国文化可以导入一个帖子中国网友在评论区晒的照片等等总之情境一定要有真实感互动感 ps英语输入太容易超字数限制了详情请看图片,英语教学 概要 涌入 小红书 抛开 因素 现象 某种程度 有利于 语言 交流 文化 交流 中国 文化 感兴趣 中国 学生 英语 缺少 文化交流 语境 英语教学 提倡 设置 情境 贯穿 教学 情境 学生 生活 发生 热点 现成 合适 情境 素材 学生 冲浪 利用 课堂 导入 学生 外国人 帖子 相关 利用 读后 产出 看图 教学内容 调整 自我介绍 导入 外国人 中文 自我介绍 轮到 中国 学生 英文 自我介绍 中国 文化 导入 帖子 中国 网友 评论 照片 情境 真实感 英语 输入 字数 详情请 图片,
678a0e050000000019002e0d,normal,你以为tk小店现在很好做天真,好多人瞅见 TikTok 流量大就觉得老外的钱特好赚一头热地扎进去幻想着大干一场走向人生巅峰可现实却常常给人泼冷水对 TikTok 运营知识仅仅略知皮毛就盲目行动最后大概率只能是竹篮打水一场空 你知道在 TikTok 上怎么选品吗清楚完整的运营流程吗了解所需软件和硬件的操作方法吗那些说刚做几天就能出几百单月入几万的基本都是瞎扯下面给打算入局 TikTok 的小伙伴们分享些实用建议 新手小白若想当副业来做千万别急着买课直接开店就好现在网上教程铺天盖地只要你有执行力完全可以边开店边深入钻研要是手上预算充足或者是商家想转型想节省时间成本倒是可以找个靠谱的学习渠道不过一定要自己调研清楚但凡有人跟你打包票说保证能赚一两个月回本三个月盈利类似的那绝对是割韭菜的务必牢记TikTok 虽说有门槛但真没大家想得那么高不可攀 前期准备工作里网络搭建这事是不是很多人觉得超难其实装个紫鸟就行里面有一个月不到 100 块 设备方面新手准备一台电脑再加上 2 到 3 部二手苹果 6 及以上型号的手机就够了记住手机买回来得先刷机而且千万别插卡这操作简单得很网上教程一搜一大把 店铺方面要先确定做跨境店还是本土店要是跨境店在 TikTok 官方网站申请入驻按要求提供相关信息材料即可若是本土店买就行你随便评论一下有的是人来找你但是注意上当受骗价格几百到上万都有具体得看店铺所在地区和其它综合因素判断新手建议先从跨境店入手熟悉业务后再转战本土店跨境店相较于本土店门槛是低些可缺点也明显流量没本土店好出单也更难因为即便跨境店爆了很快就会被同行抄袭如果是本土店人家商品和你一样价格和物流都有优势老外又不傻凭啥选你家呢 我也是刚接触 TikTok 不久和朋友一起合作真不是广告信不信随你我不卖课就想说这一行虽说有门槛但真没那么复杂模式和DY 80 相似真心劝大家别盲目买课这碗饭虽说不像国内市场那么卷但也不是谁都能轻松吃上的,2025/1/17 0:00,64858204000000001001e794,跨境探索者,297,263,313,54,中国,,Tiktok,你以为tk小店现在很好做天真。好多人瞅见 TikTok 流量大就觉得老外的钱特好赚一头热地扎进去幻想着大干一场走向人生巅峰可现实却常常给人泼冷水对 TikTok 运营知识仅仅略知皮毛就盲目行动最后大概率只能是竹篮打水一场空 你知道在 TikTok 上怎么选品吗清楚完整的运营流程吗了解所需软件和硬件的操作方法吗那些说刚做几天就能出几百单月入几万的基本都是瞎扯下面给打算入局 TikTok 的小伙伴们分享些实用建议 新手小白若想当副业来做千万别急着买课直接开店就好现在网上教程铺天盖地只要你有执行力完全可以边开店边深入钻研要是手上预算充足或者是商家想转型想节省时间成本倒是可以找个靠谱的学习渠道不过一定要自己调研清楚但凡有人跟你打包票说保证能赚一两个月回本三个月盈利类似的那绝对是割韭菜的务必牢记TikTok 虽说有门槛但真没大家想得那么高不可攀 前期准备工作里网络搭建这事是不是很多人觉得超难其实装个紫鸟就行里面有一个月不到 100 块 设备方面新手准备一台电脑再加上 2 到 3 部二手苹果 6 及以上型号的手机就够了记住手机买回来得先刷机而且千万别插卡这操作简单得很网上教程一搜一大把 店铺方面要先确定做跨境店还是本土店要是跨境店在 TikTok 官方网站申请入驻按要求提供相关信息材料即可若是本土店买就行你随便评论一下有的是人来找你但是注意上当受骗价格几百到上万都有具体得看店铺所在地区和其它综合因素判断新手建议先从跨境店入手熟悉业务后再转战本土店跨境店相较于本土店门槛是低些可缺点也明显流量没本土店好出单也更难因为即便跨境店爆了很快就会被同行抄袭如果是本土店人家商品和你一样价格和物流都有优势老外又不傻凭啥选你家呢 我也是刚接触 TikTok 不久和朋友一起合作真不是广告信不信随你我不卖课就想说这一行虽说有门槛但真没那么复杂模式和DY 80 相似真心劝大家别盲目买课这碗饭虽说不像国内市场那么卷但也不是谁都能轻松吃上的,小店 天真 瞅见 流量 老外 好赚 幻想 走向 人生 巅峰 现实 泼冷水 运营 知识 概率 只能 选品 完整 运营 流程 软件 硬件 能出 单月 瞎扯 打算 入局 小伙伴 分享 实用 建议 新手 小白 若想 副业 买课 开店 教程 执行力 开店 钻研 预算 充足 商家 转型 节省时间 成本 学习 渠道 调研 打包票 保证 盈利 类似 韭菜 牢记 门槛 工作 网络 搭建 超难 紫鸟 不到 设备 新手 电脑 苹果 型号 手机 记住 手机 插卡 操作 简单 教程 一大 店铺 跨境 本土 跨境 官方网站 申请 入驻 提供 相关 信息 材料 本土 评论 价格 店铺 地区 综合 因素 判断 新手 建议 跨境 入手 熟悉业务 转战 本土 跨境 本土 门槛 缺点 流量 本土 跨境 抄袭 本土 商品 价格 物流 优势 老外 接触 朋友 合作 广告 信不信 门槛 模式 盲目 买课 碗饭 市场 轻松,
6789d9c2000000001802eb14,normal,这一次李华写的信终于有了回应,从小到大我们写过无数次的考试题目李华给他的好朋友Peter写一封信而这一次李华的信件Peter终于等到了相聚在小红书上世界人民团结友爱念念不忘必有回响愿李华的信件一直都有回应看到图四这个视频真的有被感动到 May Li Huas letter always receive a response and how friendly the world should be红色心形R,2025/1/17 5:00,62da8e5e000000000e00d88b,小红薯62DB4543,9132,1938,823,1034,中国,"tiktokrefugee,有被感动到,tiktok",Tiktokrefugee,这一次李华写的信终于有了回应。从小到大我们写过无数次的考试题目李华给他的好朋友Peter写一封信而这一次李华的信件Peter终于等到了相聚在小红书上世界人民团结友爱念念不忘必有回响愿李华的信件一直都有回应看到图四这个视频真的有被感动到 May Li Huas letter always receive a response and how friendly the world should be红色心形R,李华 回应 考试 题目 李华 朋友 李华 信件 相聚 小红 世界 人民 回响 李华 信件 回应 视频 感动 红色 心形,
6788e37b000000001d012205,normal,美国每个州在tiktok ban后使用应用情况,美国每个州在tiktok ban后 使用应用情况,2025/1/16 9:33,66f6df33000000001d0322b2,小红薯25381622,1千+,1千+,1千+,10+,中国,tiktokrefugee,tiktokrefugee,美国每个州在tiktok ban后使用应用情况。美国每个州在tiktok ban后 使用应用情况,美国 情况 美国 情况,
678a334f0000000021003793,normal,起号成功的外国博主可能还没意识到,我看见好几个已经有10万粉的外国博主 他们可以会错过自己这辈子唯一一次赚大钱的机会 他们可能还没意识到在小红书上如果好好经营10万粉意味着什么 以我做小红书的经验粉丝数约等于50到100的月薪 也就是10万粉丝的收入可以达到510万人民币的月收入 当然前提是真的会经营商广加带货这可以躺在家里过神仙日子,2025/1/17 10:33,639e0123000000002702bb68,会摸鱼的咸鱼,1千+,1千+,1千+,10+,中国,"tiktokrefugee,小红书运营",tiktokrefugee,起号成功的外国博主可能还没意识到。我看见好几个已经有10万粉的外国博主 他们可以会错过自己这辈子唯一一次赚大钱的机会 他们可能还没意识到在小红书上如果好好经营10万粉意味着什么 以我做小红书的经验粉丝数约等于50到100的月薪 也就是10万粉丝的收入可以达到510万人民币的月收入 当然前提是真的会经营商广加带货这可以躺在家里过神仙日子,起号 成功 外国 博主 意识 外国 博主 错过 赚大钱 机会 意识 小红 经营 万粉 意味着 红书 经验 粉丝 约等于 月薪 粉丝 收入 人民币 收入 前提 经营商 广加 带货 神仙 日子,
678992150000000019033584,video,至TT难民书 World Peace on RED,tt难民 tiktok难民来啦 tiktokrefugee refugee 英语 世界和平 文化差异 外国人在中国 老外 文化输出,2025/1/16 23:26,556db487e58d1332f58244ea,马丁苏 Martin Su,2.9万,2403,2034,286,其他,"tt难民,tiktok难民来啦,tiktokrefugee,refugee,英语,世界和平,文化差异,外国人在中国,老外,文化输出",Tiktok refugee,至TT难民书 World Peace on RED。tt难民 tiktok难民来啦 tiktokrefugee refugee 英语 世界和平 文化差异 外国人在中国 老外 文化输出,难民 难民 难民 英语 世界 和平 外国人 中国 老外 文化 输出,
678a6c610000000021001f9b,video,献给我的中国朋友的一首歌,我爱他我需要他 哭惹R皱眉R可怜R色色R美国人 tiktokrefugee tiktok 外国人说中文 dating 约会,2025/1/17 13:20,60cbb5bd0000000001006c3c,Jelly Cat鱼,1万+,10+,1千+,10+,美国,"美国人,tiktokrefugee,tiktok,外国人说中文,dating,约会",tiktokrefugee,献给我的中国朋友的一首歌。我爱他我需要他 哭惹R皱眉R可怜R色色R美国人 tiktokrefugee tiktok 外国人说中文 dating 约会,献给 中国 朋友 皱眉 可怜 色色 美国 外国人 中文 约会,
678a7ccc00000000160233de,normal,Pen Pal 笔友,American M23 Looking for a pen pal from China to help with English or just to chat about culture and such 美国人23岁男性寻找中国笔友可以帮助学习英语或者只是一起聊天交流文化等 免责声明这是翻译过来的内容如有不妥之处请不要介意,2025/1/17 16:06,67891084000000000e01e430,wobert,3,0,20,0,美国,"笔友,交友,文化交流,英语学习,中国文化,语言交换,国际交流,友谊,中美友好,兴趣交流", Looking for chat friends,Pen Pal 笔友。American M23 Looking for a pen pal from China to help with English or just to chat about culture and such 美国人23岁男性寻找中国笔友可以帮助学习英语或者只是一起聊天交流文化等 免责声明这是翻译过来的内容如有不妥之处请不要介意,笔友 美国 人岁 男性 寻找 中国 笔友 学习 英语 聊天 交流 文化 免责 声明 翻译 内容 不妥 介意,
678a1275000000001801d45f,video,这位朋友怎么样,谢谢你们的舞蹈推荐我迫不及待地想继续为你们表演REDANCE tiktok tiktokrefugee 舞蹈日常 舞蹈 成人零基础学舞蹈 今日份舞蹈打卡,2025/1/17 7:46,67856a7b000000000803e0b6,隐藏的美国影子,42.6万,1万,3.5万,1.7万,美国,"REDANCE,tiktok,tiktokrefugee,舞蹈日常,舞蹈,成人零基础学舞蹈,今日份舞蹈打卡",Tiktok refugee,这位朋友怎么样。谢谢你们的舞蹈推荐我迫不及待地想继续为你们表演REDANCE tiktok tiktokrefugee 舞蹈日常 舞蹈 成人零基础学舞蹈 今日份舞蹈打卡,朋友 谢谢你们 舞蹈 推荐 地想 表演 舞蹈 舞蹈 成人 基础 舞蹈 舞蹈 打卡,
6787ae1500000000180287fd,video,TikTok Refugee大普通人有哪些商机,留学生大学生和想起号的普通人都能分一杯羹 大家还有什么想问的可以讨论哇 感觉这个现象无论是商业上还是文化上都有很多能说的暗中观察R tiktok_refugee 自媒体风口 起号 论文选题 tiktokban tiktok难民 普通人的机会 tiktokrefugee tiktokrefugee你们感兴趣吗,2025/1/15 14:06,5b23ab3c4eacab0c2fb371a0,阿十粒,153,25,10,9,其他,"tiktok_refugee,自媒体风口,起号,论文选题,tiktokban,tiktok难民,普通人的机会,tiktokrefugee,tiktokrefugee你们感兴趣吗",Tiktok refugee,TikTok Refugee大普通人有哪些商机。留学生大学生和想起号的普通人都能分一杯羹 大家还有什么想问的可以讨论哇 感觉这个现象无论是商业上还是文化上都有很多能说的暗中观察R tiktok_refugee 自媒体风口 起号 论文选题 tiktokban tiktok难民 普通人的机会 tiktokrefugee tiktokrefugee你们感兴趣吗,普通人 商机 留学生 大学生 想起 普通人 分一杯羹 想问 讨论 感觉 现象 商业 文化 观察 媒体 风口 起号 论文 选题 难民 普通人 机会 感兴趣,
678afde200000000210036cd,normal,并非想要泼冷水而是不想让大家的善意落空,这几天看了大量TikTok refugee的内容互相介绍着自己的文化互相打破信息差一起嘲笑us government好像我们隔着时空的距离拥抱牵手在一起了当我看到李华地球村真的有那么wholesome的一刻我仿佛有了一种大家都在努力互相理解和关爱的illusion 但是没有并不是 我刷了好几个在中国居住的外国博主逛超市的视频也刷到了debunk social credit的视频本意是为了破除谣言和偏见但评论中仍有许多新加入的外国用户在评论creditcredit 10000有国内用户留言问是什么意思他们也不回答他们当然不会回答他们知道自己出于什么样的恶意留下的评论 我也很关注文化传播大家都觉得这是个文化传播的好时候平台算法各大博主们纷纷发力展现出中国文化最美的一面这特别好特别特别好但其实也许大部分情况下只是我们一厢情愿没有发现吗外国留言非常少或者只是夸一句so beautiful然后就求关注我厌恶这种廉价的消费热情的行为反倒是那些新入住的外国博主们比如美洲原住民印度舞蹈家非裔美国人博主的评论区中小红书的大家都在真诚地询问和了解着他们的文化特别特别好 我在redditxig上搜索rednote相关的内容几乎没人在乎我们想表现的中国的美好反而是看到了许多小红书一套外一套的用户双面人 我在日常生活中总是释放出最大的善意想向我的外国同学们介绍我们的故事但我发现其实他们根本不在乎为什么他们要在乎呢都活在自己的世界里所以家人们也不要太在意他们老内才是最爱老内的如果老外不爱看还有我们老内我们自己觉得好就是最好的,2025/1/18 0:00,616b6ec4000000000201be5b,Lillian莲莲,1千+,10+,10+,9,中国,"tiktokban,tiktok_refugee,中国文化,文化自信,rednote,李华",Tiktok refugee,并非想要泼冷水而是不想让大家的善意落空。这几天看了大量TikTok refugee的内容互相介绍着自己的文化互相打破信息差一起嘲笑us government好像我们隔着时空的距离拥抱牵手在一起了当我看到李华地球村真的有那么wholesome的一刻我仿佛有了一种大家都在努力互相理解和关爱的illusion 但是没有并不是 我刷了好几个在中国居住的外国博主逛超市的视频也刷到了debunk social credit的视频本意是为了破除谣言和偏见但评论中仍有许多新加入的外国用户在评论creditcredit 10000有国内用户留言问是什么意思他们也不回答他们当然不会回答他们知道自己出于什么样的恶意留下的评论 我也很关注文化传播大家都觉得这是个文化传播的好时候平台算法各大博主们纷纷发力展现出中国文化最美的一面这特别好特别特别好但其实也许大部分情况下只是我们一厢情愿没有发现吗外国留言非常少或者只是夸一句so beautiful然后就求关注我厌恶这种廉价的消费热情的行为反倒是那些新入住的外国博主们比如美洲原住民印度舞蹈家非裔美国人博主的评论区中小红书的大家都在真诚地询问和了解着他们的文化特别特别好 我在redditxig上搜索rednote相关的内容几乎没人在乎我们想表现的中国的美好反而是看到了许多小红书一套外一套的用户双面人 我在日常生活中总是释放出最大的善意想向我的外国同学们介绍我们的故事但我发现其实他们根本不在乎为什么他们要在乎呢都活在自己的世界里所以家人们也不要太在意他们老内才是最爱老内的如果老外不爱看还有我们老内我们自己觉得好就是最好的,想要 泼冷水 不想 善意 落空 内容 介绍 文化 打破 信息 嘲笑 好像 时空 距离 拥抱 牵手 李华 地球村 努力 关爱 中国 居住 外国 博主 超市 视频 刷到 视频 破除 谣言 偏见 评论 外国 用户 评论 用户 留言 回答 回答 恶意 留下 评论 关注 文化 传播 文化 传播 平台 算法 博主们 发力 展现出 中国 文化 最美 情况 发现 外国 留言 关注 厌恶 廉价 消费 热情 入住 外国 博主们 美洲 原住民 印度 舞蹈家 非裔 美国 博主 评论 红书 询问 文化 搜索 相关 内容 在乎 表现 中国 美好 小红书 用户 双面 释放 善意 外国 同学 介绍 故事 发现 在乎 活在 世界 在意 老外 爱看,
678b043e000000001c00da9e,normal,我花了一天时间深入Tiktok Refugees发现,先说主观结论远甚至比我们预想的还要远 作为一名汉教人在英国教过两年汉语也没见过如此阵仗我再也无法按捺投身其中的热情和一探究竟的渴望我知道很多人被这股TR浪潮打得措手不及我自己也是我想着与其旁观这一盛况不如参与其中于是昨天一早我先自己开了畅聊室可惜反响平平自己开不行那我就跑去别人的直播间哪个热门我就去哪个连线就这样我竟然在2k27w和86w人看过的畅聊室九宫格里和Tiktok Refugees聊了一整天 有以下发现 第一想要学习英文的中国人远远超过真正想学习中文的外国人 第二聊天室里基本是用英文交流外国人参与度几乎决定了直播间的吸引力从另一层面上说英语这一外国人先天的语言工具成了真正的核心竞争力他们当然敏锐地察觉到了这一点直播间里的语言的天平向哪边倾斜他们一清二楚这样一来既然人人都会说英文人人都想学英文那为什么要自讨苦吃新学一门中文呢 第三再说中文我质疑大部分外国人中文学习动机的真实性我尝试在每个直播间以交流的口吻介绍基础的中文知识以及中国节日文化内容等等整体而言反响一般说两个现象一是我提到日常用语再见时友好地科普了汉语的四个声调在讲到三声时已经有人表达了不耐烦开始打断我说不是来学中文的尽管有一两个人跟读也很有天赋但当我一结束他们又开始津津乐道地谈论他们外国人自己感兴趣的明星八卦留我和另一位华裔沉默不语直播间的听众们也重新开始了他们的英语听力练习这个直播我先后停留了2小时左右我的感受是这不是交流更像是英语的强势输出二是我提到自己从事国际中文教育的经历时不同的直播间都有一个共性就是几乎无人就此发问如果我真的对学习中文感兴趣我想我应该不会白白错过这个免费学习的机会 第四对很多外国人来说会说你好我爱你中国谢谢已经完全足够了他们的目的当然不是学习中文最起码不是主流目的借中文表现友好在此基础上的自我展现关注流量收入才更可能是他们的目的在目的性上大家殊途同归 第五 总之这一定是一个英文学习的好机会但对中文来说似乎更多的是不确定性和可以确定的挑战 本文仅关注语言和汉教仅代表个人观点欢迎讨论,2025/1/18 0:00,5b25be6511be1068e3458601,Kyrie,1千+,10+,10+,10+,中国,"tiktok,refugee,洋人,流量,国际中文教育,汉语国际教育,中文,英语口语,外国人,直播间",Tiktok refugee,我花了一天时间深入Tiktok Refugees发现。先说主观结论远甚至比我们预想的还要远 作为一名汉教人在英国教过两年汉语也没见过如此阵仗我再也无法按捺投身其中的热情和一探究竟的渴望我知道很多人被这股TR浪潮打得措手不及我自己也是我想着与其旁观这一盛况不如参与其中于是昨天一早我先自己开了畅聊室可惜反响平平自己开不行那我就跑去别人的直播间哪个热门我就去哪个连线就这样我竟然在2k27w和86w人看过的畅聊室九宫格里和Tiktok Refugees聊了一整天 有以下发现 第一想要学习英文的中国人远远超过真正想学习中文的外国人 第二聊天室里基本是用英文交流外国人参与度几乎决定了直播间的吸引力从另一层面上说英语这一外国人先天的语言工具成了真正的核心竞争力他们当然敏锐地察觉到了这一点直播间里的语言的天平向哪边倾斜他们一清二楚这样一来既然人人都会说英文人人都想学英文那为什么要自讨苦吃新学一门中文呢 第三再说中文我质疑大部分外国人中文学习动机的真实性我尝试在每个直播间以交流的口吻介绍基础的中文知识以及中国节日文化内容等等整体而言反响一般说两个现象一是我提到日常用语再见时友好地科普了汉语的四个声调在讲到三声时已经有人表达了不耐烦开始打断我说不是来学中文的尽管有一两个人跟读也很有天赋但当我一结束他们又开始津津乐道地谈论他们外国人自己感兴趣的明星八卦留我和另一位华裔沉默不语直播间的听众们也重新开始了他们的英语听力练习这个直播我先后停留了2小时左右我的感受是这不是交流更像是英语的强势输出二是我提到自己从事国际中文教育的经历时不同的直播间都有一个共性就是几乎无人就此发问如果我真的对学习中文感兴趣我想我应该不会白白错过这个免费学习的机会 第四对很多外国人来说会说你好我爱你中国谢谢已经完全足够了他们的目的当然不是学习中文最起码不是主流目的借中文表现友好在此基础上的自我展现关注流量收入才更可能是他们的目的在目的性上大家殊途同归 第五 总之这一定是一个英文学习的好机会但对中文来说似乎更多的是不确定性和可以确定的挑战 本文仅关注语言和汉教仅代表个人观点欢迎讨论,时间 发现 主观 结论 预想 汉教 英国 汉语 没见 阵仗 按捺 投身 热情 渴望 浪潮 想着 旁观 盛况 参与 畅聊 可惜 反响 平平 不行 直播间 热门 连线 看过 畅聊 九宫格 发现 想要 学习 英文 中国 超过 学习 中文 外国人 聊天室 英文 交流 外国人 参与度 直播间 吸引力 英语 外国人 语言 工具 核心 竞争力 敏锐地 直播间 语言 天平 倾斜 英文 英文 新学 中文 中文 质疑 外国人 中文 学习动机 真实性 尝试 直播间 交流 口吻 介绍 基础 中文 知识 中国 文化 内容 反响 现象 提到 日常用语 再见 友好 科普 汉语 声调 讲到 表达 不耐烦 打断 来学 中文 跟读 天赋 结束 津津乐道 谈论 外国人 感兴趣 明星 八卦 华裔 直播间 听众 英语听力 直播 停留 小时 感受 交流 像是 英语 强势 输出 提到 国际 中文 教育 经历 直播间 共性 无人 发问 学习 中文 白白 错过 免费 学习 机会 外国人 中国 谢谢 足够 目的 学习 中文 目的 中文 表现 友好 展现 关注 流量 收入 目的 目的性 英文 学习 机会 中文 不确定性 挑战 关注 语言 汉教 代表 个人观点 讨论,
678aaffc000000001c00da7d,video,盗窃 1000 美元以下的财物会受到什么惩罚,我只能代表我在美国居住的地方发言美国其他州的惩罚可能更严厉 期待回答您的更多问题与往常一样请在下面留下您的问题并且不要忘记保持尊重 tiktokrefugee 故意损坏他人财物 全球经济衰退,2025/1/17 18:53,6785787a000000000801e8b8,karissa,1千+,10+,10+,10+,美国,"tiktokrefugee,故意损坏他人财物,全球经济衰退",tiktokrefugee,盗窃 1000 美元以下的财物会受到什么惩罚。我只能代表我在美国居住的地方发言美国其他州的惩罚可能更严厉 期待回答您的更多问题与往常一样请在下面留下您的问题并且不要忘记保持尊重 tiktokrefugee 故意损坏他人财物 全球经济衰退,盗窃 财物 惩罚 只能 代表 美国 居住 地方 发言 美国 惩罚 严厉 期待 回答 留下 忘记 尊重 损坏 人财物 全球,
678b20d70000000016019f36,normal,美国人眼中的中国从误解到震惊,我们在中国生活了四年然后搬到美国上大学 看着小红书现在被美国人占领真是让人觉得有趣这其中确实有一些积极的一面我们很高兴他们能有机会看到真正的中国是什么样子 当我们谈论有多想念中国以及我们多么热爱这个国家时美国人常常皱眉问我们为什么住在那里他们对我们讲的中国有多安全多干净多美好的故事感到惊讶有些人甚至不相信 事实是美国人对中国真正了解的少之又少许多人认为中国是一个封闭遥远且不发达的亚洲国家这很有意思因为现实完全相反哦我是不是说漏嘴了 今天早上我们在新闻上看到大量关于美国人震惊于中国之美和中国人友善的视频这让我们会心一笑虚假的中国印象或许终于要结束了更多人将了解这个国家丰富的文化热情又时尚的人们以及什么是真正的善良 希望小红书能得到应有的尊重,2025/1/18 3:13,62282b6e0000000021021422,Chill Family,3128,143,378,26,中国,"tiktokrefugee,美国人转小红书,美国人在小红书",Tiktok refugee,美国人眼中的中国从误解到震惊。我们在中国生活了四年然后搬到美国上大学 看着小红书现在被美国人占领真是让人觉得有趣这其中确实有一些积极的一面我们很高兴他们能有机会看到真正的中国是什么样子 当我们谈论有多想念中国以及我们多么热爱这个国家时美国人常常皱眉问我们为什么住在那里他们对我们讲的中国有多安全多干净多美好的故事感到惊讶有些人甚至不相信 事实是美国人对中国真正了解的少之又少许多人认为中国是一个封闭遥远且不发达的亚洲国家这很有意思因为现实完全相反哦我是不是说漏嘴了 今天早上我们在新闻上看到大量关于美国人震惊于中国之美和中国人友善的视频这让我们会心一笑虚假的中国印象或许终于要结束了更多人将了解这个国家丰富的文化热情又时尚的人们以及什么是真正的善良 希望小红书能得到应有的尊重,美国 中国 误解 震惊 中国 生活 美国 大学 看着 小红书 美国 占领 有趣 确实 机会 中国 样子 谈论 想念 中国 热爱 国家 美国 皱眉 中国 干净 美好 故事 感到 惊讶 事实 美国 中国 中国 封闭 遥远 发达 亚洲 国家 现实 说漏嘴 新闻 美国 震惊 中国 中国 友善 视频 虚假 中国 印象 结束 国家 文化 热情 时尚 善良 希望 小红书 应有 尊重,
678a367000000000030207fc,normal,Welcome TT refugees 欢迎大家,If you cant stay at the top go back to where you came from You can call me Stella I currently live in Hangzhou I go live at 4 pm on weekdays Welcome to my live stream to interact and communicate with me Thank you for every bit of support and love Also thank you for your attention 接住这泼天的富贵 最近两天直播间突然涌进很多外国朋友多数还是很友好的能够很好的互动也给了我赞美和支持感谢大家的关注 同时更加感谢我的粉丝们对我的陪伴和支持我能记住很多人的名字我也能记住你们陪伴了我有多久拥抱R带给我很多想象不到的幸福感 今天看到了一段话很感动想和大家一起分享人有的时候还是需要一些鸡汤的 如果巅峰留不住那就重走来时路 向前看轻舟已过万重山向后看前路漫漫亦灿灿 愿自己和你们眼中有星辰心中有山海玫瑰R,2025/1/17 0:00,56548a5fa75c9525dfac7db4,嘉一,10+,0,2,0,其他,"tiktok_refugee,tiktok,小红书直播,谢谢大家喜欢,谢谢我的粉丝,流量也会成为一种力量",Tiktok refugee,Welcome TT refugees 欢迎大家。If you cant stay at the top go back to where you came from You can call me Stella I currently live in Hangzhou I go live at 4 pm on weekdays Welcome to my live stream to interact and communicate with me Thank you for every bit of support and love Also thank you for your attention 接住这泼天的富贵 最近两天直播间突然涌进很多外国朋友多数还是很友好的能够很好的互动也给了我赞美和支持感谢大家的关注 同时更加感谢我的粉丝们对我的陪伴和支持我能记住很多人的名字我也能记住你们陪伴了我有多久拥抱R带给我很多想象不到的幸福感 今天看到了一段话很感动想和大家一起分享人有的时候还是需要一些鸡汤的 如果巅峰留不住那就重走来时路 向前看轻舟已过万重山向后看前路漫漫亦灿灿 愿自己和你们眼中有星辰心中有山海玫瑰R,接住 富贵 直播间 涌进 外国 朋友 友好 很好 赞美 支持 感谢 关注 感谢 粉丝 陪伴 支持 记住 名字 记住 陪伴 拥抱 带给 想象 不到 幸福感 感动 分享 鸡汤 巅峰 留不住 来时路 轻舟 万重山 向后看 前路 漫漫 星辰 山海 玫瑰,
678b205c0000000003023f55,video,全程高能美国网友最近的这些搞笑时刻 tiktok话题 tiktokrefugee话题 搞笑话题,全程高能美国网友最近的这些搞笑时刻 tiktok tiktokrefugee 搞笑,2025/1/18 3:13,5e3dabf500000000010096bc,Timmy,1万+,1千+,1千+,1千+,中国,"tiktok,tiktokrefugee,搞笑",tiktokrefugee,全程高能美国网友最近的这些搞笑时刻 tiktok话题 tiktokrefugee话题 搞笑话题。全程高能美国网友最近的这些搞笑时刻 tiktok tiktokrefugee 搞笑,全程 高能 美国 网友 搞笑 时刻 话题 话题 搞笑 话题 全程 高能 美国 网友 搞笑 时刻 搞笑,
6789e648000000001b008ba0,video,咱们的格局没得说,接下来我们继续拥抱全球大团结 tiktokrefugeetiktok独立思考世界和平,2025/1/17 5:00,5655ee3582ec3951bb1fa452,大时叔叔,1万+,1千+,1千+,1千+,中国,"tiktokrefugee,tiktok,独立思考,世界和平",tiktokrefugee,咱们的格局没得说。接下来我们继续拥抱全球大团结 tiktokrefugeetiktok独立思考世界和平,格局 拥抱 全球 大团结 独立思考 世界 和平,
678b10cd000000001803707f,normal,半夜看tiktok 被笑死,美国博主说虽然英国美国人天天骂对方 但是英国又不颁布禁令tiktok为什么突然小红书是英国人的app store下载量第一了 然后下面是英国人 搬个小凳子过来磕瓜子儿了哈哈哈哈哈哈哈 救命 英国人不会错过drama 这是场全世界都加入的狂欢笑哭R笑哭R,2025/1/18 0:00,62f383c2000000001e01fd48,冒泡泡,10+,10+,10+,10+,中国,"奇怪的文化输出,有趣的外国人,tiktok_refugee,rednote",Tiktok refugee,半夜看tiktok 被笑死。美国博主说虽然英国美国人天天骂对方 但是英国又不颁布禁令tiktok为什么突然小红书是英国人的app store下载量第一了 然后下面是英国人 搬个小凳子过来磕瓜子儿了哈哈哈哈哈哈哈 救命 英国人不会错过drama 这是场全世界都加入的狂欢笑哭R笑哭R,美国 博主说 英国 美国 英国 颁布 禁令 小红书 英国人 英国人 凳子 瓜子儿 救命 英国人 错过 全世界 狂欢,
678b192a000000001b00af35,video,Dear Li Hua Love Your Foreign Friend,LiHua tiktok frienship american tiktokrefugee 外教口语 我的护肤日常 亲爱的李华 你年轻时的话语终于找到了我就好像你童年时的铅笔是一根魔杖你写下的每一个字都是一个愿望就好像你心中的童年纯真当你写下这封信时在世界知道我们都最需要它的时候体现了这个联系的时刻 我们之间的距离在很多方面总是感觉如此广阔从分隔我们的深海到多年来的代际误解和假设 很抱歉我花了这么长时间才在这里找到你在读你的信之前我对我所接受的关于你的想法感到抱歉 虽然我们说的不是同一种语言但我很清楚你的意思你的温暖和真诚的善意超越了一切障碍 在美国我们有句俗话迟到总比不到好我现在在这里朋友我从你身上学到了很多东西而且还有更多东西需要学习 我不可能不知道你教了我什么即使我们发现这一刻就像它形成一样快地消失了请知道这一点 我爱你我很佩服你我看到了你和你的美丽是的我们是不同的但我尊重你的与众不同我珍惜你给我的机会来观察你如何走过人生 感谢您对我的慷慨包容和开放的心认识你即使是很短的时间也改变了我 爱 你的外国朋友,2025/1/18 3:13,6786eb4c000000000801f42e,Sarah Dale,1万+,1千+,1千+,1千+,美国,"LiHua,tiktok,frienship,american,tiktokrefugee,外教口语,我的护肤日常",Tiktokrefugee,Dear Li Hua Love Your Foreign Friend。LiHua tiktok frienship american tiktokrefugee 外教口语 我的护肤日常 亲爱的李华 你年轻时的话语终于找到了我就好像你童年时的铅笔是一根魔杖你写下的每一个字都是一个愿望就好像你心中的童年纯真当你写下这封信时在世界知道我们都最需要它的时候体现了这个联系的时刻 我们之间的距离在很多方面总是感觉如此广阔从分隔我们的深海到多年来的代际误解和假设 很抱歉我花了这么长时间才在这里找到你在读你的信之前我对我所接受的关于你的想法感到抱歉 虽然我们说的不是同一种语言但我很清楚你的意思你的温暖和真诚的善意超越了一切障碍 在美国我们有句俗话迟到总比不到好我现在在这里朋友我从你身上学到了很多东西而且还有更多东西需要学习 我不可能不知道你教了我什么即使我们发现这一刻就像它形成一样快地消失了请知道这一点 我爱你我很佩服你我看到了你和你的美丽是的我们是不同的但我尊重你的与众不同我珍惜你给我的机会来观察你如何走过人生 感谢您对我的慷慨包容和开放的心认识你即使是很短的时间也改变了我 爱 你的外国朋友,外教 口语 护肤 亲爱 李华 年轻 话语 找到 好像 铅笔 魔杖 写下 愿望 好像 纯真 写下 封信 世界 体现 时刻 距离 感觉 广阔 分隔 深海 代际 误解 假设 抱歉 找到 在读 接受 想法 感到 抱歉 语言 温暖 真诚 善意 超越 障碍 美国 俗话 迟到 不到 朋友 学到 东西 东西 学习 发现 消失 了请 佩服 美丽 尊重 珍惜 机会 观察 走过 人生 慷慨 包容 开放 时间 改变 外国 朋友,
678b785f0000000019033a74,video,TTRefugee Livestream 5,第五次直播完成Tiktok refugees so happy to have 6th LIVE with all of you here今天的直播间太热闹了有美国的外科医生一位美国妈妈还有一位大学朋友一直持续聊天还有咱们的一位中国妈妈提了非常多有意思的问题美国的几位网友都非常耐心的答复一共持续两个多小时大家都是真诚的抱着开放的态度在和彼此交流啊 明天第六场直播北京时间早上十点我继续 如果你也是一位真诚且好奇的朋友欢迎你来我的直播间交流 Tiktokrefugee TikTokRefugee tiktokrefugee tiktokrefugee tiktokban tiktokban tiktok_refugee @Tinka @Collieekinz @夏果,2025/1/18 0:00,5b808346bd53ae0001316321,SuperScarlett,23,8,5,4,其他,"Tiktokrefugee,TikTokRefugee??,tiktokrefugee????,tiktokrefugee??,tiktokban??,tiktokban????,tiktok_refugee",Tiktok refugee,TTRefugee Livestream 5。第五次直播完成Tiktok refugees so happy to have 6th LIVE with all of you here今天的直播间太热闹了有美国的外科医生一位美国妈妈还有一位大学朋友一直持续聊天还有咱们的一位中国妈妈提了非常多有意思的问题美国的几位网友都非常耐心的答复一共持续两个多小时大家都是真诚的抱着开放的态度在和彼此交流啊 明天第六场直播北京时间早上十点我继续 如果你也是一位真诚且好奇的朋友欢迎你来我的直播间交流 Tiktokrefugee TikTokRefugee tiktokrefugee tiktokrefugee tiktokban tiktokban tiktok_refugee @Tinka @Collieekinz @夏果,直播 直播间 热闹 了有 美国 外科医生 美国 妈妈 大学 朋友 持续 聊天 中国 妈妈 美国 网友 耐心 答复 持续 小时 真诚 开放 态度 交流 直播 北京 时间 真诚 好奇 朋友 直播间 交流 夏果,
678b740c000000001601bd0c,normal,个人观点新传同学请慎写洋抖难民论文,最近看到各种新传考研号在发洋抖选题看到小红书上很多同学都在收藏战战兢兢地发一条笔记谈谈我的感想有一种顶风作案的感觉哈哈 发现学新传的同学在写论文的时候常常发生的一个现象就是追热点发生了什么新的社会事件总能马上联想可以写什么选题这一方面反映了大家联系理论的能力很强但另一方面由热点驱动往往不容易写出好文章类似的经验应该有很多许多因为热点事件选题的论文最后总是不了了之了 审稿人和答辩老师常问的问题就是我知道这个很新也很有现实价值但是它有什么理论贡献它对传播学来说有什么理论价值所以我认为当还没有通过大量阅读文献发现当前的research gap以及当前理论无法回答和解释的问题贸然决定要做Tiktok refugee相关的研究在小红书上邀人采访或者填问卷最后很可能变成一个披着国际传播的外衣做的使用与满足的研究或者是思辨类文章 另外我们也不清楚这样的事件会持续多久会不会受到管理会不会在最近的哪一天就突然消失了这都可能给研究程序和研究意义造成困扰所以或许让子弹再飞一会儿会更好 我也跟我的同学讨论了一下目前我们能感受到的是计算机科学的同学能够通过大数据和计算的研究方法来揭示一种新的中外网民的互动生态或许比较有趣也很适合新闻学的同学来写深度报道传播学的同学如果预期只是完成传播学理论质化量化研究方法这些课程的小论文作业或许可以一试但如果希望产出一篇好的论文选题是否合适研究问题是否具有价值或许需要更多的深思熟虑,2025/1/18 8:46,5691d56950c4b47ab6a6ba38,庄Kiao,1576,555,97,175,中国,"新传,论文,新闻与传播,tiktokrefugee",Tiktok refugee,个人观点新传同学请慎写洋抖难民论文。最近看到各种新传考研号在发洋抖选题看到小红书上很多同学都在收藏战战兢兢地发一条笔记谈谈我的感想有一种顶风作案的感觉哈哈 发现学新传的同学在写论文的时候常常发生的一个现象就是追热点发生了什么新的社会事件总能马上联想可以写什么选题这一方面反映了大家联系理论的能力很强但另一方面由热点驱动往往不容易写出好文章类似的经验应该有很多许多因为热点事件选题的论文最后总是不了了之了 审稿人和答辩老师常问的问题就是我知道这个很新也很有现实价值但是它有什么理论贡献它对传播学来说有什么理论价值所以我认为当还没有通过大量阅读文献发现当前的research gap以及当前理论无法回答和解释的问题贸然决定要做Tiktok refugee相关的研究在小红书上邀人采访或者填问卷最后很可能变成一个披着国际传播的外衣做的使用与满足的研究或者是思辨类文章 另外我们也不清楚这样的事件会持续多久会不会受到管理会不会在最近的哪一天就突然消失了这都可能给研究程序和研究意义造成困扰所以或许让子弹再飞一会儿会更好 我也跟我的同学讨论了一下目前我们能感受到的是计算机科学的同学能够通过大数据和计算的研究方法来揭示一种新的中外网民的互动生态或许比较有趣也很适合新闻学的同学来写深度报道传播学的同学如果预期只是完成传播学理论质化量化研究方法这些课程的小论文作业或许可以一试但如果希望产出一篇好的论文选题是否合适研究问题是否具有价值或许需要更多的深思熟虑,个人观点 新传 同学 难民 论文 新传 考研 发洋 选题 小红 同学 收藏 笔记 谈谈 感想 顶风 作案 感觉 发现 新传 同学 论文 发生 现象 热点 发生 社会 事件 总能 联想 选题 理论 能力 热点 驱动 写出 文章 类似 经验 热点 事件 选题 论文 审稿人 答辩 老师 现实 价值 理论 贡献 传播学 理论 价值 阅读 文献 发现 理论 解释 相关 研究 小红 采访 问卷 国际 传播 外衣 研究 思辨 文章 事件 持续 管理 消失 研究 程序 研究 意义 困扰 子弹 同学 讨论 感受 计算机科学 同学 数据 计算 研究 方法 揭示 网民 生态 有趣 适合 新闻学 同学 深度 报道 传播学 同学 预期 传播学 理论 质化 量化 研究 方法 课程 论文 作业 希望 产出 论文 选题 合适 研究 价值,
678b84b9000000001d010bc9,normal,四个新传角度分析TikTok Refugee你怎么看,1渴望被看见tiktok小红书的平台生态助力更多普通人可见性提升 2tiktok难民成为热门标签一场声势浩大的媒介迁徙 3地球村近在眼前平台世界主义的呼唤拥有了回响 4说英语还是说中文语言使用争议下对语言霸权的冷思考,2025/1/18 0:00,6433a9370000000014010cee,新传梦厂,10+,10+,4,10+,中国,"新闻与传播,tt难民,tiktokrefugee,tiktok,tiktok_refugee,新传,tiktokban",Tiktok refugee,四个新传角度分析TikTok Refugee你怎么看。1渴望被看见tiktok小红书的平台生态助力更多普通人可见性提升 2tiktok难民成为热门标签一场声势浩大的媒介迁徙 3地球村近在眼前平台世界主义的呼唤拥有了回响 4说英语还是说中文语言使用争议下对语言霸权的冷思考,新传 角度 分析 渴望 小红书 平台 生态 助力 普通人 提升 难民 热门 标签 媒介 迁徙 地球村 平台 世界主义 呼唤 拥有 回响 英语 中文 语言 争议 语言 霸权 冷思考,
67882c860000000016030bc2,normal,TikTok Refugee最大受害者是我,我对象是德国人偷偷下载了小红书通过insta 账号搜索到了我然后偷偷视奸我 我是Red Note Refugee,2025/1/15 22:26,5db4684c0000000001000be0,冷酷的玉米须小姐,1千+,10+,10+,10+,中国,"管不了一点,这种人请远离我,原来你也玩",tiktokrefugee,TikTok Refugee最大受害者是我。我对象是德国人偷偷下载了小红书通过insta 账号搜索到了我然后偷偷视奸我 我是Red Note Refugee,受害者 对象 德国人 下载 红书 账号 搜索 视奸,
678b68cb00000000190034c6,normal,可爱的奥地利弟弟,hhhh和奥地利弟弟打趣的聊天以前每次都是很基础的聊天有点无聊这次学习了好玩的聊天话术可以快速增近感情他觉得很有意思hhh我要去多学习这样的啦也更好的学习英语,2025/1/18 0:00,662baf720000000007007120,johnny,1952,290,1743,81,美国,"tiktok,tiktok难民,英语学习,TikTokrufugees",Tiktok,可爱的奥地利弟弟。hhhh和奥地利弟弟打趣的聊天以前每次都是很基础的聊天有点无聊这次学习了好玩的聊天话术可以快速增近感情他觉得很有意思hhh我要去多学习这样的啦也更好的学习英语,可爱 奥地利 弟弟 奥地利 弟弟 打趣 聊天 基础 聊天 无聊 学习 好玩 聊天 话术 增近 感情 觉得很有 学习 学习 英语,
678bdea50000000019032424,video,一位值得追随的知识分子,我很勤奋我保证为您服务皱眉Rtiktokrefugee 哥大 美国人 外国人 外国人说中文,2025/1/18 17:06,60cbb5bd0000000001006c3c,Jelly Cat鱼,1万+,1千+,1千+,10+,美国,"tiktokrefugee,哥大,美国人,外国人,外国人说中文",tiktokrefugee,一位值得追随的知识分子。我很勤奋我保证为您服务皱眉Rtiktokrefugee 哥大 美国人 外国人 外国人说中文,值得 追随 知识分子 勤奋 保证 皱眉 哥大 美国 外国人 外国人 中文,
6785f7dc000000000b023f5d,normal,Tiktok Refugee涌入会导致文化他者化问题,题目跨文化传播视野中的他者化难题 RQ认同制造了他者化他者化又制造我们与他者的二元对立进一步强化排他性认同如何突破这一怪圈消解他者化现象 通过探讨西方思想中他者的历史内涵分析了从 premodern 到 modern 再到 postmodern 时代他者化表征的变化文中引用了大量的历史和当代案例如殖民主义移民报道反恐战争等来揭示在不同历史时期和社会背景下他者化现象如何形成和运作 Highlights 人们对他者的恐惧并非因其邪恶而是因其异己不同奇怪肮脏陌生 在西方思想中他者是由认同生产的 殖民话语通过将被殖民者生产为一种固定的现实使其立刻成为他者且完全可知可见 不论殖民话语还是后殖民话语在某种程度上还是统一为民族主义话语以认同的力量推动他者化表征在反思他者化表征时习惯性地归因于抽象的权力运作批判政治经济与媒体的力量对他者化表征的影响而忽略了深藏在人们心中的认同所散发出的魔力以及各种力量对这种魔力的运用这就不可避免地造成了批判的限度 Method 文献综述 通过对大量相关文献的分析梳理了西方思想中他者化的历史演变及其理论基础 案例分析 结合具体的历史和当代案例如殖民主义时期的东方学移民报道中的他者化表征反恐战争中的伊斯兰恐惧症等进行深入剖析 跨学科方法 综合运用了传播学社会学文化研究等多个学科的理论和方法提供了对他者化现象的多角度分析 Conclusion 要解决他者化问题必须反思认同超越认同回到主体间文化间平等交流的意义上建立人类交流共同体这正是我们超越权力关系批判的重点所在,2025/1/14 0:00,5b5883bc11be103b7b8b7d03,去南极给企鹅织毛衣??,10+,10+,10+,10+,中国,"tiktok,tiktokrefugee,小进步学年,论文发表,论文,他者,文化,论文写作,我的宝藏群话题,带上兴趣出门",Tiktok refugee,Tiktok Refugee涌入会导致文化他者化问题。题目跨文化传播视野中的他者化难题 RQ认同制造了他者化他者化又制造我们与他者的二元对立进一步强化排他性认同如何突破这一怪圈消解他者化现象 通过探讨西方思想中他者的历史内涵分析了从 premodern 到 modern 再到 postmodern 时代他者化表征的变化文中引用了大量的历史和当代案例如殖民主义移民报道反恐战争等来揭示在不同历史时期和社会背景下他者化现象如何形成和运作 Highlights 人们对他者的恐惧并非因其邪恶而是因其异己不同奇怪肮脏陌生 在西方思想中他者是由认同生产的 殖民话语通过将被殖民者生产为一种固定的现实使其立刻成为他者且完全可知可见 不论殖民话语还是后殖民话语在某种程度上还是统一为民族主义话语以认同的力量推动他者化表征在反思他者化表征时习惯性地归因于抽象的权力运作批判政治经济与媒体的力量对他者化表征的影响而忽略了深藏在人们心中的认同所散发出的魔力以及各种力量对这种魔力的运用这就不可避免地造成了批判的限度 Method 文献综述 通过对大量相关文献的分析梳理了西方思想中他者化的历史演变及其理论基础 案例分析 结合具体的历史和当代案例如殖民主义时期的东方学移民报道中的他者化表征反恐战争中的伊斯兰恐惧症等进行深入剖析 跨学科方法 综合运用了传播学社会学文化研究等多个学科的理论和方法提供了对他者化现象的多角度分析 Conclusion 要解决他者化问题必须反思认同超越认同回到主体间文化间平等交流的意义上建立人类交流共同体这正是我们超越权力关系批判的重点所在,涌入 导致 文化 题目 跨文化 传播 视野 难题 认同 制造 制造 对立 强化 排他性 认同 突破 怪圈 消解 现象 探讨 思想 历史 内涵 分析 从到 时代 表征 变化 引用 历史 案例 殖民主义 移民 报道 反恐 战争 等来 揭示 历史 时期 社会 背景 现象 运作 恐惧 邪恶 异己 奇怪 肮脏 陌生 思想 认同 生产 殖民 话语 殖民者 生产 固定 现实 可知 殖民 话语 后殖民 话语 某种程度 统一 民族主义 话语 认同 力量 推动 表征 反思 表征 习惯性 归因于 抽象 权力 运作 批判 政治经济 媒体 力量 表征 影响 深藏 认同 散发出 魔力 力量 魔力 批判 限度 文献 综述 相关 文献 分析 梳理 思想 历史 演变 理论 基础 案例 分析 历史 案例 殖民主义 时期 东方学 移民 报道 表征 反恐 战争 伊斯兰 恐惧症 剖析 跨学科 方法 综合 传播学 社会学 文化 研究 学科 理论 方法 提供 现象 多角度 分析 解决 反思 认同 超越 认同 回到 主体 文化 平等 交流 意义 建立 人类 交流 共同体 超越 权力 关系 批判 重点,
678bb73400000000030219aa,normal,小女子要被tt refugee笑的一命呜呼了,谁懂我看的笑的有多崩溃捂脸R,2025/1/18 14:20,6164ebad0000000002024acc,Lan,1万,546,675,1343,其他,"tiktok,refugee,恶搞之家",Tiktok refugee,小女子要被tt refugee笑的一命呜呼了。谁懂我看的笑的有多崩溃捂脸R,小女子 崩溃,
678c674a0000000016021f8e,video,一名感到难过的美国法学院Tiktok Refugee,我的泪水流满键盘哭惹R哥大 美国人 外国人说中文 tiktokrefugee 外国人,2025/1/19 0:00,60cbb5bd0000000001006c3c,Jelly Cat鱼,3759,100,550,8,美国,"哥大,美国人,外国人说中文,tiktokrefugee,外国人",Tiktok refugee,一名感到难过的美国法学院Tiktok Refugee。我的泪水流满键盘哭惹R哥大 美国人 外国人说中文 tiktokrefugee 外国人,感到 难过 美国 法学院 泪水 流满 键盘 哥大 美国 外国人 中文 外国人,
678bb73400000000030219aa,normal,小女子要被tt refugee笑的一命呜呼了,谁懂我看的笑的有多崩溃捂脸R,2025/1/18 0:00,6164ebad0000000002024acc,Lan,1万,546,675,1343,其他,"tiktok,refugee,恶搞之家",Tiktok refugee,小女子要被tt refugee笑的一命呜呼了。谁懂我看的笑的有多崩溃捂脸R,小女子 崩溃,
678c9410000000001c00c1ab,normal,来自印尼不是Tiktok Refugee,美国那边ban了Tiktok 现在打开小红书时所有内容都是关于这个事件 想知道你们中国人感觉是真么样呢,2025/1/19 0:00,638a9625000000001f017a27,Ilene Chelsea,10+,0,10+,0,其他,,Tiktok refugee,来自印尼不是Tiktok Refugee。美国那边ban了Tiktok 现在打开小红书时所有内容都是关于这个事件 想知道你们中国人感觉是真么样呢,印尼 美国 打开 小红书 内容 事件 中国 感觉,
678c8a590000000016023247,normal,tiktok 正式消失了看来我们美国人要留下来了请不要恨我们哈哈,tiktok 正式消失了看来我们美国人要留下来了请不要恨我们哈哈,2025/1/19 0:00,6784cc8c0000000008019417,马修 matt,1千+,10+,1千+,10+,美国,,Tiktok,tiktok 正式消失了看来我们美国人要留下来了请不要恨我们哈哈。tiktok 正式消失了看来我们美国人要留下来了请不要恨我们哈哈,正式 消失 美国 留下来 了请 正式 消失 美国 留下来 了请,
678c7aac00000000160291c6,normal,tik tok已被禁止US 我很伤心,我要在这里闲逛直到他们把它带回来 TikTok 的重要更新 我们很遗憾美国禁止 TikTok 的法律将于 1 月 19 日生效迫使我们暂时无法使用我们的服务 我们正在努力尽快恢复在美国的服务感谢您的支持请继续关注,2025/1/19 0:00,6786a9ec000000000803f7d3,Makayla.Jae_,10+,1,8,1,美国,"tiktokban,tiktok_refugee,tiktok,tiktokrefugee",Tiktok refugee,tik tok已被禁止US 我很伤心。我要在这里闲逛直到他们把它带回来 TikTok 的重要更新 我们很遗憾美国禁止 TikTok 的法律将于 1 月 19 日生效迫使我们暂时无法使用我们的服务 我们正在努力尽快恢复在美国的服务感谢您的支持请继续关注,禁止 伤心 闲逛 回来 遗憾 美国 禁止 法律 生效 迫使 服务 努力 美国 服务 支持 关注,
678c93f4000000001601b026,normal,天塌啦两国人民开始对账,天塌啦两国人民开始对账,2025/1/19 0:00,6134babf000000000201eb29,柠檬不酸,10+,3,1,6,中国,"人民币购买力,财务,tiktok_refugee,tiktokban,tiktok,美国,热点,tiktokrefugee,经济,tiktok美区",Tiktok refugee,天塌啦两国人民开始对账。天塌啦两国人民开始对账,两国人民 对账 两国人民 对账,
678cfe18000000001601b452,normal,TikTok refugee,大家好我是難民哈哈請善待,2025/1/19 0:00,650a3a830000000017022904,Iris,10+,0,10+,0,其他,"每日穿搭,我的美妆分享,tiktok,tiktok视频批量下载,refugee,foryou",Tiktok refugee,TikTok refugee。大家好我是難民哈哈請善待,善待,
678d45430000000016020f74,normal,寻找朋友 Looking for friends,小红书你好我的名字是 Jordi 我今年17岁是一名高中生位于 NCUSA 我喜欢时尚绘画和化妆我也很喜欢中国电视剧所以请随意推荐一些 抱歉我不能缴纳猫税不幸的是我对猫过敏 但我真的很喜欢猫可怜R,2025/1/19 18:06,67856d11000000000803fbff,Jordi,25,0,28,1,美国,"认识新朋友,喜欢交朋友,世界各地的朋友,hello,tiktok_refugee", Looking for chat friends,寻找朋友 Looking for friends。小红书你好我的名字是 Jordi 我今年17岁是一名高中生位于 NCUSA 我喜欢时尚绘画和化妆我也很喜欢中国电视剧所以请随意推荐一些 抱歉我不能缴纳猫税不幸的是我对猫过敏 但我真的很喜欢猫可怜R,寻找 朋友 小红书 名字 高中生 位于 喜欢 时尚 绘画 化妆 喜欢 中国 电视剧 推荐 抱歉 缴纳 猫税 不幸 过敏 喜欢 可怜,
678d3364000000001b00a0e7,normal,emmm一夜之间关注的好几个老外变空号了,家人们这正常吗不太懂粉丝都这么多了还有这么多获赞这种一般是什么情况假号,2025/1/20 0:00,56591ef39eb5784752e83342,跟我学煲汤',3263,399,1108,239,中国,"老外,tiktok_refugee",Tiktok refugee,emmm一夜之间关注的好几个老外变空号了。家人们这正常吗不太懂粉丝都这么多了还有这么多获赞这种一般是什么情况假号,关注 老外 变空 粉丝 获赞 情况 假号,
678d035a000000001903333b,video,Greetings from TikTok,来自抖音的问候,2025/1/19 12:33,678596d1000000000801dd61,ruthie,10.6万,2094,567,142,其他,,Tiktok refugee,Greetings from TikTok。来自抖音的问候,问候,
678f42ce000000001902d7b6,normal,hello 大家好我是ABC 大学生也是个TikTok refugee 害羞R 很高兴认识大家,hello 大家好我是ABC 大学生也是个TikTok refugee 害羞R 很高兴认识大家,2025/1/21 0:00,678c7752000000000e01e74a,姗姗,10+,4,10+,1,中国,"ABC,Tiktok难民,fyp",Tiktok refugee,hello 大家好我是ABC 大学生也是个TikTok refugee 害羞R 很高兴认识大家。hello 大家好我是ABC 大学生也是个TikTok refugee 害羞R 很高兴认识大家,大学生 害羞 大学生 害羞,
678f6ea40000000029027fd8,normal,Tik tok难民全都走了吗,Tik tok难民都走了吗 怎么全都不见了汗颜R,2025/1/21 9:00,5e4a2a760000000001008894,大橘不重,160,27,75,7,其他,"Tiktok,tiktokre_refugee,吐槽,tiktok,聊聊八卦",Tiktok refugee,Tik tok难民全都走了吗。Tik tok难民都走了吗 怎么全都不见了汗颜R,难民 难民 不见 汗颜,
678eb908000000001801a3b5,normal,TikTok Refugee 我在寻求帮助,有没有治疗口腔溃疡或唇疱疹的草药 失望R失望R 更新感谢大家的精彩回复我有很多新东西要尝试害羞R萌萌哒R,2025/1/21 0:00,678be095000000000e01319b,Seneca (塞内卡),224,56,1727,4,中国,"请大家帮忙,帮帮我,外国人,草药",Tiktok refugee,TikTok Refugee 我在寻求帮助。有没有治疗口腔溃疡或唇疱疹的草药 失望R失望R 更新感谢大家的精彩回复我有很多新东西要尝试害羞R萌萌哒R,寻求 有没有 治疗 口腔溃疡 唇疱疹 草药 失望 失望 感谢 精彩 回复 东西 尝试 害羞,
678f6ea40000000029027fd8,normal,Tik tok难民全都走了吗,Tik tok难民都走了吗 怎么全都不见了汗颜R,2025/1/21 0:00,5e4a2a760000000001008894,大橘不重,162,27,75,7,其他,"Tiktok,tiktokre_refugee,吐槽,tiktok,聊聊八卦",Tiktok refugee,Tik tok难民全都走了吗。Tik tok难民都走了吗 怎么全都不见了汗颜R,难民 难民 不见 汗颜,
67936f5f000000002900ddf4,video,看甄嬛上头的美国人Best show EVER,甄嬛传yyds 还有别的好看的中国电视剧可以推荐给我吗 tiktok fyp tiktokrefugee zhenhuan 甄嬛传 甄嬛传十级观众,2025/1/24 12:00,619856c2000000001000d0c5,BeeRose in China,2002,50,101,3,中国,"tiktok,fyp,tiktokrefugee,zhenhuan,甄嬛传,甄嬛传十级观众",Tiktok refugee,看甄嬛上头的美国人Best show EVER。甄嬛传yyds 还有别的好看的中国电视剧可以推荐给我吗 tiktok fyp tiktokrefugee zhenhuan 甄嬛传 甄嬛传十级观众,上头 美国 好看 中国 电视剧 推荐 观众,
6793466e000000002902d16f,normal,老外在tiktok是上这样说我们的,通过这次tiktok涌入小红书事件大家一定程度上打破了一些信息差原来彼此的生活是这样的或许文化背景不同但是并没有阻碍与人的交流图片 为所有真诚的人点赞,2025/1/24 14:46,6183ca0f000000001000d0d0,探探野生版,4389,570,573,42,中国,"tiktokrefugee,tiktok,机翻,cattax,tiktok,猫税,rednote,我的宝藏群话题",Tiktok refugee,老外在tiktok是上这样说我们的。通过这次tiktok涌入小红书事件大家一定程度上打破了一些信息差原来彼此的生活是这样的或许文化背景不同但是并没有阻碍与人的交流图片 为所有真诚的人点赞,老外 涌入 小红书 事件 程度 打破 信息 生活 文化背景 阻碍 交流 图片 真诚 人点,
6794ab27000000001800fbcc,normal,tiktok直播day1 播了17k,继续努力 感觉比国内好一点 人还蛮大方的 就是文化不通,2025/1/25 0:00,59f6db084eacab37b4200499,ttik,175,80,141,21,其他,"tiktok,直播",Tiktok,tiktok直播day1 播了17k。继续努力 感觉比国内好一点 人还蛮大方的 就是文化不通,直播 努力 感觉 大方 文化 不通,
6796c79c000000002a0020df,video,Tiktok Refugee,tiktok_refugee有趣的外国 盖头 抖音禁令 hello 探索,2025/1/27 0:00,678d62b3000000000e013c97,Mimi Mina,34,1,15,0,其他,"tiktok_refugee,有趣的外国,盖头,抖音禁令,hello,探索",Tiktok refugee,Tiktok Refugee。tiktok_refugee有趣的外国 盖头 抖音禁令 hello 探索,有趣 外国 盖头 禁令 探索,
679b72cc000000002900fd94,normal,为什么这里每个人都叫我金毛犬哈哈,如果我喜欢大自然应该去哪个三个中国城市请帮我选择一下,2025/1/30 12:26,6787c5f2000000000801d64f,Tommy,1.1万,646,2575,402,中国,"tiktok,tiktokban,tiktok_refugee,refugee,foreigner,fashionweek,paris,发型的重要性,日常,boy",Tiktok refugee,为什么这里每个人都叫我金毛犬哈哈。如果我喜欢大自然应该去哪个三个中国城市请帮我选择一下,金毛犬 喜欢 中国 城市 选择,
679b78b50000000029024035,normal,TikTok难民正在夺回他们的数字主权,1740年英国农民约翰攥着祖传的犁耙被圈地法案赶向曼彻斯特的纺织厂2024年拜登的一纸禁令迫使成千上万的TikTok难民带着原有的数据流浪到小红书历史从未停止圈地只是土地变成了数据 今天Meta亚马逊等正以算法为镰刀发动一场更隐蔽的云端圈地运动你的每一次点赞收藏停留时长都成了它们收割的数字庄稼哲学家瓦鲁法克斯一针见血科技巨头已成数字地主而我们都是数据打工人 当你在Instagram卖手作赚100美元Meta能抽走50美元佣金当你在亚马逊开店平台不仅拿走利润还把你的客户数据锁进私有云 但小红书的算法不太一样你能刷到美国网友感激生理期不能喝冰水的养生提醒也能看见他们对XSWL 666的活学活用而唯独没有中国威胁论的鬼影但这只是表象更深层的逻辑在于在中国数据的管理权始终掌握在国家手中 国家通过数据安全法个人信息保护法等法规既允许平台创新又严格限制其滥用数据的能力Meta可以靠你的浏览记录赚百亿广告费但想用算法给你洗脑没门 这种顶层规则的存在让用户至少明确背后有一个主体在约束平台的贪婪这或许能解释TikTok被封禁后为何大批欧美用户愿意主动投诚中国的小红书APP 平台的镰刀差异从亚马逊到小红书可见一斑亚马逊的收割是赤裸的第三方卖家平均需支付1545的佣金不同品类费率不同同时平台利用卖家的销售数据推出自有品牌如Amazon Basics直接抢夺市场一位跨境商家坦言我们成了亚马逊的免费产品实验室辛苦积累的产品客户数据转眼就成了平台对准我们的枪头 反观小红书其电商佣金率通常在510之间根据品类浮动且不强制绑定站内交易更重要的是中国的政策正为数据所有权探索新路径2023年数据二十条明确提出数据资源持有权归国家所有个人与企业可通过授权使用获取收益 未来普通用户或能像出租房屋一样出租数据平台想调用你的浏览记录需按次支付001元广告商想分析你的消费偏好需购买匿名数据包数字平权就是把个人数据的所有权和使用权还到大众手中,2025/1/30 0:00,5575671e58944647941edb68,派大熊不胖,10+,10+,1,10+,中国,"tiktokrefugee,投行",Tiktok refugee,TikTok难民正在夺回他们的数字主权。1740年英国农民约翰攥着祖传的犁耙被圈地法案赶向曼彻斯特的纺织厂2024年拜登的一纸禁令迫使成千上万的TikTok难民带着原有的数据流浪到小红书历史从未停止圈地只是土地变成了数据 今天Meta亚马逊等正以算法为镰刀发动一场更隐蔽的云端圈地运动你的每一次点赞收藏停留时长都成了它们收割的数字庄稼哲学家瓦鲁法克斯一针见血科技巨头已成数字地主而我们都是数据打工人 当你在Instagram卖手作赚100美元Meta能抽走50美元佣金当你在亚马逊开店平台不仅拿走利润还把你的客户数据锁进私有云 但小红书的算法不太一样你能刷到美国网友感激生理期不能喝冰水的养生提醒也能看见他们对XSWL 666的活学活用而唯独没有中国威胁论的鬼影但这只是表象更深层的逻辑在于在中国数据的管理权始终掌握在国家手中 国家通过数据安全法个人信息保护法等法规既允许平台创新又严格限制其滥用数据的能力Meta可以靠你的浏览记录赚百亿广告费但想用算法给你洗脑没门 这种顶层规则的存在让用户至少明确背后有一个主体在约束平台的贪婪这或许能解释TikTok被封禁后为何大批欧美用户愿意主动投诚中国的小红书APP 平台的镰刀差异从亚马逊到小红书可见一斑亚马逊的收割是赤裸的第三方卖家平均需支付1545的佣金不同品类费率不同同时平台利用卖家的销售数据推出自有品牌如Amazon Basics直接抢夺市场一位跨境商家坦言我们成了亚马逊的免费产品实验室辛苦积累的产品客户数据转眼就成了平台对准我们的枪头 反观小红书其电商佣金率通常在510之间根据品类浮动且不强制绑定站内交易更重要的是中国的政策正为数据所有权探索新路径2023年数据二十条明确提出数据资源持有权归国家所有个人与企业可通过授权使用获取收益 未来普通用户或能像出租房屋一样出租数据平台想调用你的浏览记录需按次支付001元广告商想分析你的消费偏好需购买匿名数据包数字平权就是把个人数据的所有权和使用权还到大众手中,难民 夺回 数字 主权 英国 农民 约翰 祖传 犁耙 圈地 法案 曼彻斯特 纺织厂 拜登 禁令 迫使 难民 原有 数据 流浪 红书 历史 停止 圈地 土地 数据 亚马逊 算法 镰刀 发动 隐蔽 云端 圈地 运动 收藏 停留 时长 收割 数字 庄稼 哲学家 瓦鲁 法克斯 科技 巨头 已成 数字 地主 数据 工人 卖手 抽走 佣金 亚马逊 开店 平台 拿走 利润 客户 数据 锁进 红书 算法 刷到 美国 网友 感激 生理期 冰水 养生 提醒 中国 威胁论 鬼影 表象 深层 逻辑 中国 数据 管理权 国家 国家 数据 安全法 个人信息 保护法 法规 平台 创新 滥用 数据 能力 浏览 记录 广告费 想用 算法 洗脑 没门 顶层 规则 用户 主体 约束 平台 贪婪 解释 封禁 欧美 用户 投诚 中国 小红书 平台 镰刀 差异 亚马逊 红书 亚马逊 收割 卖家 平均 支付 佣金 品类 费率 平台 利用 卖家 销售 数据 推出 自有 品牌 抢夺 市场 跨境 商家 坦言 亚马逊 免费 产品 实验室 辛苦 积累 产品 客户 数据 转眼 平台 对准 枪头 反观 小红书 电商 佣金 品类 浮动 强制 绑定 交易 中国 政策 数据 所有权 探索 路径 数据 明确提出 数据 资源 持有 企业 授权 获取 收益 普通用户 出租 房屋 出租 数据 平台 调用 浏览 记录 支付 广告商 分析 消费 购买 匿名 数据包 数字 平权 数据 所有权 使用权 大众,
678a0352000000001d0128c7,normal,作文必背素材申论素材超实用,近日面对可能被禁的TikTok美国网民们提前为自己找到了线上的安身之处并自称TikTok难民 打开小红书随处可见美国用户用英文发布的内容他们还给自己加上了 难民的标签以打扰了的客气姿态在小红书上发布动态而小红书用户也表现出欢迎态度纷纷在评论区打出Welcome 写作适用主题 1文化交流 2数字鸿沟 3全球化 4选择自由 5把握机会 6创新,2025/1/17 0:00,5ffda11b000000000100a76c,丽嘚儿快做笔记,10+,10+,3,10+,中国,"tiktokrefugee,写作素材,tiktok_refugee,外国人,素材积累,作文素材积累,申论素材,热点素材",Tiktok refugee,作文必背素材申论素材超实用。近日面对可能被禁的TikTok美国网民们提前为自己找到了线上的安身之处并自称TikTok难民 打开小红书随处可见美国用户用英文发布的内容他们还给自己加上了 难民的标签以打扰了的客气姿态在小红书上发布动态而小红书用户也表现出欢迎态度纷纷在评论区打出Welcome 写作适用主题 1文化交流 2数字鸿沟 3全球化 4选择自由 5把握机会 6创新,作文 素材 申论 素材 实用 面对 美国 网民 提前 找到 自称 难民 打开 小红书 美国 用户 英文 发布 内容 还给 难民 标签 打扰 客气 姿态 小红 发布 动态 红书 用户 表现 态度 评论 打出 写作 主题 文化交流 数字 鸿沟 全球化 选择 自由 把握 机会 创新,
67b178a00000000029033d30,normal,tiktok登录,显示网络连接不稳定apple 账户和Gmail 登不上 先在手机里把语言和地区改成和vpn一样的地方此时可能系统重启了一下把wifi关掉换成蜂窝数据 再次打开vpn有消息聊天框就是登上了,2025/2/16 0:00,5b4a153311be104fcb6a75b7,小趴菜女士,171,100,212,42,上海,"无网络连接,软件下载,TikTok",Tiktok,tiktok登录。显示网络连接不稳定apple 账户和Gmail 登不上 先在手机里把语言和地区改成和vpn一样的地方此时可能系统重启了一下把wifi关掉换成蜂窝数据 再次打开vpn有消息聊天框就是登上了,登录 显示 网络连接 稳定 账户 手机 语言 地区 改成 地方 系统 重启 关掉 换成 蜂窝 数据 打开 消息 聊天 登上,
67b2df64000000001701ddd3,video,芬兰女生第一次说中文尝试中国化妆大,外国人 makeup tiktok_refugee 外国人说中文 雨琪在芬兰,2025/2/17 0:00,678fa939000000000e01fc07,Julita Oikkonen,1.6万,329,1467,282,中国,"外国人,makeup,tiktok_refugee,外国人说中文,雨琪在芬兰",Tiktok refugee,芬兰女生第一次说中文尝试中国化妆大。外国人 makeup tiktok_refugee 外国人说中文 雨琪在芬兰,芬兰 女生 中文 尝试 中国 化妆 外国人 外国人 中文 雨琪 芬兰,
67b27477000000002903d7c3,video,你会看吗,我已经录下了我的想法但我不确定是否适合发布你怎么看tiktokrefugee thankyouchina,2025/2/16 23:53,6785c5dd000000000801b7aa,Sophie Swan,5439,226,1387,13,其他,"tiktokrefugee,thankyouchina",Tiktok refugee,你会看吗。我已经录下了我的想法但我不确定是否适合发布你怎么看tiktokrefugee thankyouchina,录下 想法 适合 发布,
67a78b800000000029018456,normal,武汉new friends看过来,长期约coffee chat详细的内容如图所示啦 欢迎大家小窗dd,2025/2/8 15:53,5b7786dbafee9300012d5b7e,一盘里脊烤冷面,23,10,10,3,湖北,"武汉,武汉交友", Looking for chat friends,武汉new friends看过来。长期约coffee chat详细的内容如图所示啦 欢迎大家小窗dd,武汉 详细 内容 小窗,
67bac271000000001203e88b,normal,Lets be friends,害羞R,2025/2/23 5:53,6786bece000000000801f7f1,嫭答??,3,0,6,0,英国,"Friends,foreignfriend,foreign,cute", Looking for chat friends,Lets be friends。害羞R,害羞,
67bc92bd000000002602fd95,normal,looking for friends,我是这个应用程序的新手所以正在寻找朋友哈哈 大笑R,2025/2/24 15:13,67bc8664000000000e013e3f,基,7,0,7,0,印度尼西亚,, Looking for chat friends,looking for friends。我是这个应用程序的新手所以正在寻找朋友哈哈 大笑R,应用程序 新手 寻找 朋友,
67bed690000000000603c6cd,normal,无工会Tiktok娱播半月记录举报的替我挡灾,因为我评论区打广告的工会实在太tm多了我直接关掉了想问我的直接自己找我吧或者在我的页有lx笑哭R笑哭R最近其实没有怎么好好直播因为认识了海外的老板所以转了给我一些米感觉他们还是很大方的要了我的PayPal他一笔一笔转的我实在懒得提现了感觉手续费太高 不管提现多少每次都收35刀最后给我转了500刀我就不提了攒一攒再说我和大哥说了最近有创业的倾向他就给我了一些钱说是给我的投资前一阵还有两个姐妹找我求带感觉也还是蛮有成就感大笑R哈哈不辜负我一个人研究这么久我也可以帮别人起号了我没有工会我不建议任何人加这个一点没用还扣钱也就骗骗新人小白像我这种我在抖音也直播过很久我就想为什么不能靠自己呢多研究一下就可以最近收米收到手软就有点懒的播了又划水但是我这个月要是坚持下来应该会更多吧比dy环境好太多了dy不是喷子就是美女太多播的我实在是心累心累以后就转战tk了,2025/2/26 0:00,672e6b91000000001d02e17a,小精灵,951,257,4,334,中国,"直播平台,TikTok直播,直播,TikTok美区",Tiktok,无工会Tiktok娱播半月记录举报的替我挡灾。因为我评论区打广告的工会实在太tm多了我直接关掉了想问我的直接自己找我吧或者在我的页有lx笑哭R笑哭R最近其实没有怎么好好直播因为认识了海外的老板所以转了给我一些米感觉他们还是很大方的要了我的PayPal他一笔一笔转的我实在懒得提现了感觉手续费太高 不管提现多少每次都收35刀最后给我转了500刀我就不提了攒一攒再说我和大哥说了最近有创业的倾向他就给我了一些钱说是给我的投资前一阵还有两个姐妹找我求带感觉也还是蛮有成就感大笑R哈哈不辜负我一个人研究这么久我也可以帮别人起号了我没有工会我不建议任何人加这个一点没用还扣钱也就骗骗新人小白像我这种我在抖音也直播过很久我就想为什么不能靠自己呢多研究一下就可以最近收米收到手软就有点懒的播了又划水但是我这个月要是坚持下来应该会更多吧比dy环境好太多了dy不是喷子就是美女太多播的我实在是心累心累以后就转战tk了,工会 娱播 记录 举报 评论 工会 实在 关掉 直播 老板 感觉 很大 实在 懒得 提现 感觉 手续费 提现 大哥 创业 倾向 投资 姐妹 感觉 大笑 辜负 研究 帮别人 起号 工会 建议 没用 扣钱 骗骗 新人 小白 直播 研究 收米 收到 手软 划水 环境 喷子 美女 多播 实在 心累 心累 转战,
67c536980000000007037d3d,normal,上海英语角活动,Its a cool thing to chat and make friends with people from all walks of lifeyou can feel free to make conversations with others in English 欢迎参加上海每周五晚静安寺芮欧场每周日静安寺青岛餐吧场英语角含饮品 萌新第一次来的体验感满满认识了下到华政法学的同龄宝宝上到女老板oo准备雅思托福口语还有锻炼口语的宝子都可以来哦大家都很随和 我参加的是周日下午静安寺青岛餐吧场 英语角萌萌哒R偷笑R哇R赞R飞吻R,2025/3/3 5:33,648947b00000000010035694,小咘呤,33,2,5,2,中国,"一起练口语,party,年轻人社交之旅,口语,社交新天地,上海英语角", Looking for chat friends,上海英语角活动。Its a cool thing to chat and make friends with people from all walks of lifeyou can feel free to make conversations with others in English 欢迎参加上海每周五晚静安寺芮欧场每周日静安寺青岛餐吧场英语角含饮品 萌新第一次来的体验感满满认识了下到华政法学的同龄宝宝上到女老板oo准备雅思托福口语还有锻炼口语的宝子都可以来哦大家都很随和 我参加的是周日下午静安寺青岛餐吧场 英语角萌萌哒R偷笑R哇R赞R飞吻R,上海 英语角 活动 参加 上海 静安寺 欧场 静安寺 青岛 英语角 饮品 萌新 体验 满满 下到 政法 同龄 宝宝 女老板 雅思 托福 口语 锻炼 口语 宝子 随和 参加 静安寺 青岛 英语角 偷笑 飞吻,
67c6bf39000000000900f4e2,video,你们在吗,tiktok tiktokrefugee 老外 外国美女 难民 refugee 外国人 浪漫生活的记录者 生活需要分享欲,2025/3/4 0:00,63b9d82d000000002702ba1e,L. Vanissaur,10+,7,10+,1,其他,"tiktok,tiktokrefugee,老外,外国美女,难民,refugee,外国人,浪漫生活的记录者,生活需要分享欲",Tiktok refugee,你们在吗。tiktok tiktokrefugee 老外 外国美女 难民 refugee 外国人 浪漫生活的记录者 生活需要分享欲,老外 外国 美女 难民 外国人 浪漫生活 记录 生活 分享,
67c91710000000002602cf2e,video,tiktok refugee,神仙颜值 美籍 漂亮女孩子 tiktok_refugee 顏值,2025/3/6 0:00,67838c07000000000801ab45,jaeinpink,10+,9,10+,0,美国,"神仙颜值,美籍,漂亮女孩子,tiktok_refugee,顏值",Tiktok refugee,tiktok refugee。神仙颜值 美籍 漂亮女孩子 tiktok_refugee 顏值,神仙 颜值 美籍 漂亮 女孩子 顏值,
67c9b75b000000000703488d,video,三分钟沉浸式洋抖英文直播,英文直播话术 洋抖直播 直播技巧 tiktok直播,2025/3/6 0:00,5b758135b1a98100011e2236,viki-洋抖创业版,2953,323,90,155,其他,"英文直播话术,洋抖直播,直播技巧,tiktok直播",Tiktok,三分钟沉浸式洋抖英文直播。英文直播话术 洋抖直播 直播技巧 tiktok直播,沉浸 英文 直播 英文 直播 话术洋 直播 直播 技巧 直播,
67ca217b0000000028035e29,video,Update 20,内容引起舒适 沟通无国界 懂得都懂系列 tiktok tiktokrefugee tiktokban 中外文化差异,2025/3/7 0:00,5e06db870000000001008449,Buddhawangwang,10+,10+,8,1,辽宁,"内容引起舒适,沟通无国界,懂得都懂系列,tiktok,tiktokrefugee,tiktokban,中外文化差异",Tiktok refugee,Update 20。内容引起舒适 沟通无国界 懂得都懂系列 tiktok tiktokrefugee tiktokban 中外文化差异,内容 舒适 沟通 无国界 懂得,
67ca69ba000000000b014eff,video,先用小红书的美国人先享受美食,拉面也太好玩了我还要拉我要拉很很多很多面 tiktok_refugee 手工拉面 拉条子 红烧牛肉面 外国人做中餐,2025/3/7 4:00,664ea9ac0000000003031fce,Dillon是涤纶,4775,147,1004,167,中国,"tiktok_refugee,手工拉面,拉条子,红烧牛肉面,外国人做中餐",Tiktok refugee,先用小红书的美国人先享受美食。拉面也太好玩了我还要拉我要拉很很多很多面 tiktok_refugee 手工拉面 拉条子 红烧牛肉面 外国人做中餐,先用 红书 美国 享受 美食 拉面 好玩 手工 拉面 条子 红烧 牛肉面 外国人 中餐,
67ca8b8a0000000029016147,video,大兵话题 tiktok话题 美国大兵话题,大兵 tiktok 美国大兵,2025/3/7 0:00,67bc4011000000000e01c6b9,小红薯67BCE3FC,2704,85,67,14,美国,"大兵,tiktok,美国大兵",Tiktok,大兵话题 tiktok话题 美国大兵话题。大兵 tiktok 美国大兵,大兵 话题 话题 美国 大兵 话题 大兵 美国 大兵,
67caf5c90000000029026429,video,Is this good,你肯定觉得没什么意思 沟通无国界 内容引起舒适 tiktokban tiktokrefugee tiktok 中外文化差异,2025/3/7 0:00,5e06db870000000001008449,Buddhawangwang,10+,10+,10+,0,辽宁,"你肯定觉得没什么意思,沟通无国界,内容引起舒适,tiktokban,tiktokrefugee,tiktok,中外文化差异",Tiktok refugee,Is this good。你肯定觉得没什么意思 沟通无国界 内容引起舒适 tiktokban tiktokrefugee tiktok 中外文化差异,肯定 沟通 无国界 内容 舒适,
67cce195000000002a00f888,video,tiktok refugee,神仙颜值 漂亮女孩子 tiktok_refugee 顏值 美籍,2025/3/9 0:00,67838c07000000000801ab45,jaeinpink,21,4,5,0,美国,"神仙颜值,漂亮女孩子,tiktok_refugee,顏值,美籍",Tiktok refugee,tiktok refugee。神仙颜值 漂亮女孩子 tiktok_refugee 顏值 美籍,神仙 颜值 漂亮 女孩子 顏值 美籍,
67cceff5000000000900d90e,normal,begging for chat,很想要练习口语救救我这个绝望的文盲吧我眼里全是对知识的渴望啊我就想练练我的口语求求了求求了有没有闲的没事干的没有学中文需求的没有任何想恋爱的需求就是纯无聊纯嘴巴闲的加我我可以提供情绪价值我是女生摩羯座03年的,2025/3/9 0:26,66adbabd000000001d023d9f,小红薯66AE8B48,5,0,4,0,江苏,"foreigner,English", Looking for chat friends,begging for chat。很想要练习口语救救我这个绝望的文盲吧我眼里全是对知识的渴望啊我就想练练我的口语求求了求求了有没有闲的没事干的没有学中文需求的没有任何想恋爱的需求就是纯无聊纯嘴巴闲的加我我可以提供情绪价值我是女生摩羯座03年的,想要 口语 救救 绝望 文盲 知识 渴望 练练 口语 求求 求求 有没有 中文 需求 恋爱 需求 无聊 嘴巴 提供 情绪 价值 女生 摩羯座,
